0,1,2,3,4,Label
0.820939781945669,1.762493022349324,-0.7141801368072495,0.6526771770519001,-0.5998073757897285,1
0.949206902197639,1.9222883798451986,-0.5341495839461863,0.6637779521526173,-0.6080108973072034,1
0.9556455228305526,1.929874868494693,-0.525131639387451,0.6642700199811294,-0.6083619098192949,1
0.9288128946210824,1.896877995538317,-0.5627739431990534,0.6620124443842628,-0.6067060776231361,1
0.9555756919443185,1.9300379693566656,-0.5252186962569024,0.6643014589481401,-0.608392407598727,1
1.0958961106132565,1.8043554771795096,-0.9589569366594576,0.8580847453407286,-0.4388576857331369,1
1.0959122254331568,1.8043178385190544,-0.9589368466126609,0.8580774901944956,-0.4388506477840372,1
0.8850307877919766,1.842318463116177,-0.6242254299044177,0.6582210006672004,-0.6039037274011242,1
0.8294115205099954,1.7730542033042647,-0.7022892364921883,0.6534114175523256,-0.6003501883054757,1
0.9105054727833314,1.8740953116424133,-0.5884684184162526,0.660431749239881,-0.605538655212522,1
0.8800209897211516,1.8360691340685866,-0.6312573357584654,0.6577862154056062,-0.6035821834601459,1
1.230900113081289,1.9724743032755503,-0.7694738055077005,0.8697581650896258,-0.44748237987161926,1
0.9557072963068367,1.9297305869629475,-0.5250546275413974,0.6642422085872355,-0.6083349310144127,1
0.8305873810424315,1.7745379758673967,-0.7006380189406064,0.6535160116225711,-0.6004280322794111,1
0.9848947724804054,1.9667376740594855,-0.48405999853741744,0.6668649259867903,-0.6102918736003615,1
0.8665087089513199,1.819239568765713,-0.6502224501327626,0.6566174133211452,-0.6027185513112316,1
0.9581548137223569,1.9334233983491473,-0.5215911953568487,0.6645504982325976,-0.6085814549245967,1
0.8347686099299919,1.7797745573591246,-0.6947682058458733,0.6538820092974004,-0.6006993078517677,1
1.1212317227199813,1.8358917822521437,-0.9233980695926604,0.8602733736369069,-0.4404743121803134,1
1.1999593944611011,1.9316772970735063,-0.8129995503650278,0.8667430612055316,-0.4451888223303306,1
1.1567367470662526,1.8801421964332579,-0.8735638530318687,0.8633488559686205,-0.44274763590760147,1
1.0922361614026148,1.7997489137176672,-0.9640959521058301,0.8577609549423771,-0.43861703824059967,1
0.8713074693878201,1.825254904979582,-0.6434854814854951,0.657038268519703,-0.6030306408249816,1
0.8749750759090129,1.8298132959408053,-0.6383382464999671,0.6573540722036484,-0.6032637098100118,1
0.8762155106135251,1.8313582591649373,-0.6365972387126333,0.6574613688690276,-0.6033429917097661,1
0.8544738065142371,1.8042596986017085,-0.6671135740110332,0.6555778448580052,-0.6019506898751315,1
0.8155636251695225,1.7557970112847336,-0.7217258228309894,0.652212143549904,-0.5994637608287481,1
1.0651664931464238,1.7660336026310426,-1.0020894902285096,0.8554194490765324,-0.43688689096459804,1
0.955669695060403,1.9298184105040097,-0.5251015043172559,0.6642591372617797,-0.6083513528956455,1
0.815595436235933,1.7558943417061217,-0.7216786466678208,0.6522235442491178,-0.5994738619421566,1
0.8791639621071252,1.8350017049319136,-0.6324602138660779,0.6577120831640714,-0.6035274068748612,1
0.955570320337685,1.9300505155768177,-0.5252253929391681,0.6643038773302178,-0.6083947535817604,1
0.843602954464593,1.7907104183200948,-0.6823717416602331,0.6546360828524942,-0.6012545389578143,1
0.9197149002655352,1.8855079572408087,-0.5755450865637846,0.6612197086977426,-0.6061192042522832,1
1.1634969828393766,1.8885524616146458,-0.864075969085647,0.8639321697478407,-0.4431783690836098,1
0.9822274377663057,1.96338664995721,-0.48780499076442774,0.6666298790149352,-0.6101173579829325,1
0.9302612810572038,1.898633871535854,-0.5607431720303145,0.6621305211624274,-0.606791927408678,1
0.8390392520518108,1.7850647934718231,-0.6887754249714548,0.6542470920834962,-0.6009682303145553,1
0.9557502691599039,1.9296302172017337,-0.5250010540832735,0.6642228615306136,-0.6083161631501467,1
0.9382479890523909,1.9085813279312305,-0.5495334559814133,0.6628213653738353,-0.6073023947314141,1
1.1453470344100738,1.8659370562314206,-0.889550686977792,0.8623607714013994,-0.44201697756364355,1
1.2293161397626522,1.9705303170551192,-0.7716957217881889,0.8696254771264991,-0.44738517479625395,1
0.8266857834292509,1.7696881486616212,-0.7061136713041997,0.6531799678858383,-0.6001800078451093,1
0.8542429013249652,1.803991342417473,-0.6674368175637228,0.6555607547554687,-0.6019386209673004,1
1.1473318633037592,1.8684187817801625,-0.8867644660233105,0.8625338991131029,-0.4421451817809028,1
0.9065108425673125,1.8691296121948282,-0.5940746463638958,0.6600876582532447,-0.6052846846357385,1
1.2368405039134307,1.9799019235215012,-0.7611349268236575,0.8702763289444474,-0.447866091592718,1
0.8702326988681727,1.8238681853280327,-0.6449960784296284,0.6569380941262443,-0.6029552240189778,1
1.2017446592850904,1.936189998118732,-0.8103935766975623,0.8672405648823873,-0.44562295438807903,1
0.8699513153557397,1.8235561948830712,-0.6453893280386687,0.6569195207088624,-0.6029426181160069,1
0.9765782216206093,1.956379397897692,-0.4957326643843143,0.6661455506166338,-0.6097603244997363,1
0.9765809074239258,1.956373124787616,-0.49572931604318154,0.666144341425595,-0.6097591515082196,1
0.8970039352267666,1.8572406538992363,-0.6074201394260186,0.6592581103912646,-0.6046703310975413,1
0.8949258069973101,1.854623487328423,-0.6103381529540454,0.6590740293354647,-0.6045334743824956,1
1.149454031318013,1.871013853710808,-0.8837880110791793,0.8627102574890533,-0.442274096052902,1
1.119196015403736,1.8333370692722835,-0.9262561220877351,0.860094403469069,-0.4403415114349572,1
1.1048610705231388,1.8155213477539183,-0.9463741985600906,0.8588602076041515,-0.43943067764499744,1
0.9718251013665017,1.9504593797252223,-0.502403889678507,0.6657344093033851,-0.6094565306747686,1
0.8931722833922953,1.852439471134309,-0.6127993048715946,0.6589223508675875,-0.6044213986060246,1
1.1902421798375922,1.9218444067147016,-0.826538684078698,0.8662427260728592,-0.444885088598689,1
0.9464412966405338,1.9188438141113953,-0.5380312399447646,0.6635387293600331,-0.6078341347079785,1
1.1020133089429283,1.8119456017281323,-0.9503724282834405,0.8586095538446049,-0.4392446301148769,1
0.9478452431924589,1.9205924315787084,-0.536060735676373,0.6636601696767578,-0.6079238674036096,1
0.8754064088858093,1.8303505217891967,-0.6377328506102804,0.6573913821804735,-0.60329127828879,1
0.8239817995079726,1.7662914779186327,-0.709910102397654,0.6529417507852334,-0.6000031498079148,1
0.8306492694111905,1.7746054396384723,-0.7005515770459874,0.6535199234087437,-0.6004306431967467,1
0.9425002306503915,1.9139448289848526,-0.5435622880106822,0.6631992716384928,-0.6075835876677753,1
0.8878784160057207,1.8458844247518325,-0.6202278086758154,0.6584702013796504,-0.6040884217535922,1
0.841525493067468,1.7881421736999352,-0.685286712714522,0.6544592670321769,-0.6011244481310307,1
0.9557314685366871,1.9296741289722648,-0.5250244924712026,0.6642313258678857,-0.6083243740907631,1
0.8319068858673332,1.7761910393231948,-0.6987856112538767,0.653631589304662,-0.6005137125686205,1
1.1980993393892287,1.9316401286176863,-0.815510373985543,0.8669238059527103,-0.44538862053683054,1
0.898106497344845,1.858633133180942,-0.6058717996073248,0.6593563642040106,-0.6047434902319458,1
0.9144125753696115,1.8789423770181672,-0.5829854608756464,0.6607668276416325,-0.6057856868414432,1
0.882733964617644,1.839515476212263,-0.6274466001783803,0.6580309762627704,-0.6037649947663575,1
1.2321096702846546,1.9739904268092094,-0.7677757144203028,0.8698642323854671,-0.44756103290153215,1
1.1015261260363374,1.8113772878391672,-0.9510545269117432,0.8585731789350126,-0.4392188706239924,1
0.8893759286263492,1.8477880520214784,-0.6181242948443839,0.6586055011346649,-0.6041895133023145,1
0.8132348575623133,1.7528869095693012,-0.7249947777628681,0.6520092653991636,-0.5993135739029207,1
0.9020922699521159,1.8635589456179704,-0.6002792676515653,0.659695364481184,-0.6049928607173648,1
0.9563364492123335,1.9311586227137716,-0.524143354499645,0.6643932110753938,-0.6084652348670023,1
0.9840263348207806,1.9656464154124624,-0.48527931248329864,0.6667883652739283,-0.6102350230928811,1
1.1923109169924357,1.9243825487144355,-0.8236368005215448,0.8664159042308104,-0.44501193251176036,1
1.0863533542643296,1.7924795785839898,-0.9723502176195393,0.857260745632578,-0.43824910884108875,1
0.9037649711986883,1.8657096254214092,-0.597928604511312,0.6598501424530642,-0.6051091833394643,1
0.9558335290627217,1.9294357507893816,-0.5248972555081579,0.6641853766084086,-0.6082798004131316,1
1.1341518444689205,1.8519741943533685,-0.9052644992479746,0.8613895129021586,-0.4412987520630563,1
0.8316644372659967,1.7758890692384781,-0.6991258991395828,0.6536106176837015,-0.6004982165609413,1
0.9245162131388855,1.8915072359544713,-0.5688053780701318,0.661637901658165,-0.6064287675968643,1
1.1913664951151368,1.923206269896062,-0.8249623405414467,0.8663342124514876,-0.4449515701562655,1
0.9475521829014948,1.9202370428431352,-0.5364716381131776,0.6636362616938557,-0.6079064812231382,1
0.9593926959900181,1.9349844190734857,-0.5198529274159006,0.6646604571361123,-0.60866326299352,1
0.8924712436815968,1.8516336531315676,-0.6137802975425577,0.6588718020389012,-0.6043860045017762,1
0.8583735185228984,1.8091745052583443,-0.6616376190200874,0.6559238160683563,-0.6022080063668647,1
0.923865518384882,1.8907352678223253,-0.569716973179492,0.6615873830972271,-0.6063925573101029,1
1.1836569993239456,1.9136714096769758,-0.8357800272108455,0.8656774374634082,-0.4444682333184054,1
0.9153196812074003,1.8800240872451737,-0.581714402195926,0.6608380840567228,-0.6058369408889104,1
0.8693931197387091,1.8228609614322118,-0.6461727815429691,0.6568712372094418,-0.6029069412611175,1
0.9307046909119294,1.8992438488452488,-0.5601182978286218,0.6621775248460625,-0.6068283356979138,1
1.1643683730352505,1.8896570159318544,-0.8628520898091383,0.8640104273638572,-0.4432367529548786,1
0.8251184583963792,1.7677456613412583,-0.7083130635589014,0.6530458369648647,-0.600081177531254,1
0.9541396491190595,1.928374413600394,-0.5272287721241392,0.6641959819709784,-0.6083181039789481,1
0.9558603870958887,1.9293730196886227,-0.5248637720968303,0.66417328469802,-0.6082680704979653,1
0.9143643827503682,1.8788631164769731,-0.5830539440751066,0.6607597759944588,-0.6057799173218297,1
0.8621898742102582,1.8138700721118204,-0.656283714206641,0.6562452788878758,-0.6024438593288303,1
0.8607663268363187,1.8121066600742541,-0.6582813078314469,0.656123584625844,-0.6023542185079012,1
0.8202694863696505,1.7617062596469242,-0.7151188212730244,0.6526264045456549,-0.5997712573776691,1
1.1756702913287582,1.9037239532815988,-0.8469897432597469,0.8649865932520004,-0.4439577659956693,1
0.8894316451896773,1.847809355671921,-0.6180482006005157,0.6586031130203357,-0.6041863511367684,1
0.9690930591138597,1.947037380571816,-0.5062392806360169,0.6654952066893,-0.6092792239538686,1
0.9129855419935575,1.8771265317498926,-0.5849900538100705,0.6606376242880602,-0.6056890999461162,1
1.2245768486245272,1.9646082865026626,-0.7783483798924752,0.8692126489993457,-0.4470795755466606,1
-0.600854400409449,-0.00831522143034496,-2.7097326991778736,0.5296988198144025,-0.508939334443564,1
0.814162631153847,1.7540616894876064,-0.7236917617687528,0.6520924001363336,-0.5993755614969054,1
0.9534835827584224,1.9276149916883991,-0.528147063915765,0.6641478817921181,-0.6082842396752199,1
0.8263329871069792,1.7692198854843735,-0.7066101012734805,0.6531451267373387,-0.6001534250451763,1
1.0897615971654884,1.7967149317801667,-0.9675670115349991,0.8575541145592167,-0.43846560070162477,1
0.9726762239080298,1.9515002175215248,-0.5012101422321502,0.6658051477386114,-0.6095082405324769,1
0.9306594508289355,1.8991778839742408,-0.5601822156974542,0.6621721701020432,-0.6068240995420885,1
0.9859433702732081,1.9680340858497574,-0.4825886640846919,0.6669541873931508,-0.6103575496652286,1
0.8795472358311446,1.835469454629242,-0.6319226926811038,0.6577437945408195,-0.6035505590116783,1
1.1994604649285436,1.9332969393236539,-0.8136016562343467,0.8670357762401838,-0.44547023772981476,1
1.0961580266701414,1.804662457444349,-0.9585901679120844,0.8581045178598998,-0.438871736688462,1
1.095072512937227,1.8033008302331028,-0.9601141582207492,0.8580091802305965,-0.4388010118485245,1
0.8791839630285386,1.8350458526725588,-0.6324312990254207,0.6577166962506684,-0.6035313745331166,1
0.8529350732785943,1.8023816772522858,-0.6692715724226889,0.6554505116388982,-0.6018577209555915,1
0.8942725598064561,1.8538675766964827,-0.6112524879097907,0.659026173012662,-0.6044997902649033,1
1.1220687494125943,1.836915063648171,-0.9222241063257053,0.860342892791845,-0.4405251211073427,1
0.8755027941242957,1.8305090428715842,-0.6375958842113602,0.6574054854748209,-0.603302817328017,1
1.1458914009111216,1.8666343020622678,-0.8887858006633985,0.862410741714725,-0.44205445984315883,1
0.9561853692972097,1.9286139733694412,-0.5244586228197667,0.6640269725823168,-0.608126138524454,1
1.1972249966571056,1.9305222786302922,-0.8167388185926799,0.8668438514335399,-0.44532870330177365,1
0.8326479274208585,1.7770851528072271,-0.6977467889015995,0.6536913643065423,-0.6005570419893801,1
0.9221852931942248,1.8886425449096373,-0.572075247364153,0.6614420448868499,-0.606285166373163,1
0.9475372868537822,1.920160780102077,-0.536495073261064,0.6636263241309879,-0.6078974612265448,1
0.8733596916233646,1.827801332469379,-0.6406055134593812,0.6572143426825977,-0.6031604631541955,1
0.9155998459476458,1.8804499790916496,-0.5813178074857958,0.6608738501832054,-0.6058656047375744,1
0.8196624313010457,1.7608828437042177,-0.7159738004505222,0.6525638041635778,-0.599723045114904,1
1.067160179648857,1.768555215190341,-0.9992895732821443,0.8555976674976985,-0.437019695273222,1
1.1725909577269444,1.8998309291209232,-0.8513142590095242,0.8647115841544343,-0.44375288366945537,1
0.8625202505407323,1.81432002943876,-0.6558183304296552,0.6562796222350107,-0.6024703538173293,1
0.9073139058560636,1.870100973840067,-0.5929487736222516,0.6601527980883939,-0.6053319781514855,1
1.1469398653374585,1.8679209294624082,-0.8873150747054204,0.8624985500739888,-0.44211878273037347,1
1.061992374703719,1.7620994700695483,-1.0065436704402366,0.8551477732497776,-0.4366867077309863,1
1.1022533384738809,1.8122734137031864,-0.9500342717493717,0.8586346407507973,-0.43926400546937766,1
1.1465308189859935,1.8673922250741948,-0.8878900328975594,0.8624602848514321,-0.4420899493853769,1
1.1451323774071682,1.8656408457768607,-0.8898532319889378,0.8623378791997263,-0.4419992238843651,1
0.9635990306726934,1.9402330333054454,-0.5139487197877394,0.6650257434212676,-0.6089334538857939,1
1.0875684164407944,1.7939929402876278,-0.9706448213551284,0.8573658475934381,-0.4383267690656208,1
1.0570417791983366,1.755923877903109,-1.013492482740798,0.8547181089653949,-0.4363689476988598,1
0.9123289421670555,1.8763279722773751,-0.5859107795806859,0.6605837119208138,-0.6056498229317784,1
0.9061941619863545,1.8686678580977707,-0.5945220714457228,0.6600501750451087,-0.6052550315449615,1
0.881216851175001,1.8375970543723632,-0.6295772033662265,0.6578954225624487,-0.6036639950923369,1
1.1049769232171736,1.8156848790164286,-0.9462107512995032,0.8588731117967096,-0.43944077163187034,1
0.9561289674275586,1.928745708681035,-0.5245289379835548,0.664052365594133,-0.6081507713463031,1
1.1680186644383468,1.8941649860423564,-0.8577304213231346,0.8643204087701667,-0.4434646812901366,1
0.8903222361081671,1.8488993513889915,-0.6167990574518346,0.6586772654403695,-0.6042405836003781,1
0.8675752886945509,1.8206353233573593,-0.6487225067067751,0.6567197622406242,-0.6027961339141329,1
1.074346376792144,1.7775152524402724,-0.9892029901285017,0.8562207096358216,-0.4374803429110419,1
1.212206731716202,1.9492301427923941,-0.7957091502510066,0.8681469677595349,-0.4462929783157047,1
0.936842023529481,1.906887905524647,-0.5515042661171997,0.6627083994836322,-0.6072206009155617,1
0.8641893324187236,1.8164084916213596,-0.6534752750937677,0.6564254380682539,-0.6025783771873784,1
1.2095224819834047,1.945858051009789,-0.7994778834932986,0.8679104576513338,-0.4461173815814608,1
0.8294572940588545,1.773159305735796,-0.7022228846443659,0.6534225844847311,-0.6003598371719107,1
1.230362318485071,1.9718525707357286,-0.770226518687101,0.8697188538180917,-0.44745473020794263,1
0.8969784293322535,1.857199267988612,-0.607456359443689,0.6592544626396488,-0.6046673562446666,1
0.9632344242054247,1.9397115874474555,-0.5144634110795313,0.664984114660151,-0.6089007376307082,1
1.1699334141868565,1.8965882827601193,-0.8550412957814181,0.8644917992217177,-0.44359244038695805,1
0.9261379025964315,1.893575143936661,-0.5665271549652193,0.6617853841268139,-0.6065391405132143,1
0.8591594000600191,1.8101052304429925,-0.6605367042832203,0.6559845866729663,-0.6022515124104921,1
0.848527910708996,1.7968348401857785,-0.6754597578720892,0.6550606463381649,-0.6015679709594135,1
0.8495097819922713,1.798115471985649,-0.6740791280172582,0.6551542265288167,-0.6016387948005881,1
1.078360474463711,1.78248596206798,-0.9835702813191913,0.8565636015206686,-0.4377328684354712,1
0.9557341543400039,1.929667855862189,-0.5250211441300698,0.6642301166768468,-0.6083232010992465,1
0.9557234111267371,1.929692948302492,-0.5250345374946008,0.6642349534410023,-0.608327893065313,1
0.8573752656867906,1.8079119433386672,-0.66303955591121,0.6558345849297443,-0.6021415141194848,1
0.9560236547328889,1.9307786550178145,-0.5245819547876112,0.6643675961000879,-0.6084465873835804,1
1.189625181754518,1.921104789553083,-0.8274034056522419,0.866193680737517,-0.444849687367905,1
1.1998224184919493,1.931997225687376,-0.8131703157627985,0.8668047299485141,-0.44524864489767835,1
0.9888637634354447,1.9716522032063155,-0.47849059910219216,0.6672039161747142,-0.6105415161466179,1
1.0617477737649308,1.7618429106554305,-1.0068848726880855,0.8551338230082423,-0.4366777974254334,1
0.9559006741456392,1.9292789230374845,-0.5248135469798388,0.6641551468324369,-0.608250475625216,1
1.186390660448174,1.9170088605992601,-0.8319461558701833,0.865903806509682,-0.4446335416265694,1
0.8758913060884823,1.8309544619586302,-0.6370522748388681,0.6574333254223945,-0.6033222703041485,1
0.9000380287455862,1.8610677131889033,-0.603159541545074,0.6595277647448111,-0.6048709772679298,1
1.1698289715384198,1.8964485810079592,-0.8551883072037368,0.8644813235004871,-0.44358442032228085,1
1.2041035041946484,1.9390702331838532,-0.807085356034233,0.8674359541200864,-0.44576565111783345,1
1.0799474003185972,1.7844432439585964,-0.9813437997080753,0.8566979863869495,-0.4378316068746248,1
1.1995538381602793,1.932624536694964,-0.8135051498760739,0.8669256490524008,-0.4453659440493405,1
0.8789448670628504,1.8347865314284197,-0.6327651960962564,0.6577017806741517,-0.6035214714221827,1
0.8281745718075977,1.7715616733108415,-0.7040232449699042,0.6533116299784866,-0.6002778524801193,1
0.9659040446234424,1.9430269852692634,-0.5107168959956305,0.6652135932996776,-0.6090700207236632,1
0.9112094650302789,1.87491442531534,-0.587482860414662,0.6604839949717216,-0.6055755826805589,1
0.8684960902818558,1.8217052368142481,-0.6474334893318958,0.6567878787947132,-0.6028442293593218,1
1.080632591942328,1.7853062694020545,-0.980381680094414,0.8567586964560623,-0.4378767452832778,1
1.1452480967347367,1.8657945926492399,-0.8896903932230978,0.8623493303451876,-0.44200796469358555,1
1.1189533000694667,1.8330155304073055,-0.9265976269629361,0.8600705257539154,-0.44032330907197303,1
1.1384262393257858,1.8573364324770374,-0.8992635020744435,0.8617650108739879,-0.4415773269555467,1
0.8846359706558927,1.8418170995183685,-0.6247799954224078,0.6581854077720286,-0.6038771481644591,1
0.8325855055862341,1.7769785514756287,-0.6978356647752084,0.6536816403319836,-0.6005490183614351,1
1.2176247759396943,1.9559494698874145,-0.7881059371733047,0.8686112999611065,-0.446635236535765,1
0.8726042874879918,1.8268700938048112,-0.6416653369805552,0.657150442306236,-0.6031135264474519,1
1.161611091621028,1.8862131996480853,-0.8667224837948232,0.8637704830923495,-0.44305917773640874,1
1.2205422165656816,1.9595542915737871,-0.7840124375214327,0.8688593318395159,-0.44681766965336606,1
1.1069330269471642,1.8180923542040988,-0.9434665326828148,0.8590379887594499,-0.43956176127716184,1
1.1494124106035997,1.8710101064606386,-0.8838443211436462,0.8627138648836707,-0.44227815914912705,1
1.0917464260591736,1.7991966573289087,-0.9647807905805177,0.8577272422709202,-0.43859380491888417,1
1.0917571692724404,1.7991715648886053,-0.9647673972159866,0.8577224055067647,-0.4385891129528176,1
0.9093235738119305,1.872575163348779,-0.5901293751238379,0.6603223083162302,-0.6054563913333575,1
1.0812056836070711,1.7860777655939728,-0.9795747914422268,0.8568169175183508,-0.4379214421347608,1
1.0891274173307837,1.7959346781579573,-0.9684566911133201,0.8575006999933352,-0.4384264119987211,1
0.8308466112959995,1.7748512292423115,-0.700274598534366,0.6535369933327811,-0.6004432562262529,1
0.8666957077222608,1.8195398039802477,-0.6499570395014298,0.656643679150628,-0.6027399158397617,1
1.19934971710821,1.9331012930607305,-0.8137596238021634,0.867017547571355,-0.44545509140460376,1
0.8580372371199259,1.808697956591033,-0.662112133458329,0.655886078914913,-0.6021784451507893,1
0.9562229705436434,1.9285261498283792,-0.5244117460439083,0.6640100439077726,-0.6081097166432213,1
1.1309834977322477,1.8480568687421144,-0.9097101572931937,0.8611197778346158,-0.44110028237936844,1
1.0883153630668188,1.7949136451120307,-0.9695968683415951,0.8574290164016268,-0.43837316521395664,1
1.0887912692942774,1.795467913880777,-0.9689305970568141,0.8574644158869886,-0.43839820396029805,1
1.1997982462620989,1.932053683678059,-0.8132004508329933,0.8668156126678639,-0.445259201821328,1
0.8571545702449201,1.8075793571536052,-0.6633518400783589,0.6558068458746661,-0.6021193405349774,1
0.8483647989609819,1.7966605391129895,-0.6756874288689043,0.655050861828109,-0.601561579696494,1
0.9086221340018333,1.8717399921756452,-0.5911121932790432,0.660267400346254,-0.6054169376961518,1
0.9086301914117834,1.8717211728454182,-0.591102148255645,0.6602637727731374,-0.6054134187216019,1
0.9915533847748755,1.9750117487687688,-0.47471516917763446,0.6674380079008377,-0.6107147668978286,1
0.8575213290496404,1.8080553923409965,-0.6628362344244244,0.6558414532563575,-0.6021454710879368,1
0.880900570693442,1.8371646534456982,-0.6300228029638106,0.6578622984956025,-0.6036384015345172,1
1.2159948957057318,1.9538905968453217,-0.7903948137963632,0.8684659920184779,-0.4465270294163123,1
0.8875708597664432,1.845482126445593,-0.6206603207762638,0.6584407149751702,-0.6040660751094846,1
1.1540322296791092,1.8767063881297457,-0.877362718104313,0.8631048266796293,-0.4425653651597973,1
0.8537805574805563,1.8034154924884784,-0.6680857386480926,0.6555207623620091,-0.6019090704410284,1
0.8211232947144951,1.7627408243331502,-0.7139217254855348,0.6526959337898424,-0.5998217942438608,1
0.9461221969891916,1.9184079019046751,-0.5384807963782292,0.663505361437129,-0.6078083609640228,1
0.9220301054896944,1.8884396401164896,-0.5722934818323174,0.6614271797565807,-0.6062739029580412,1
1.2180194597093117,1.9564410490950928,-0.7875519801500622,0.8686454398091816,-0.4466604625947777,1
0.9183447837510058,1.8838014751341536,-0.5774681088016126,0.6611011946537101,-0.6060316337902818,1
1.1111480858721206,1.8233710710564848,-0.9375492375575177,0.8594069127069714,-0.43983519908314794,1
1.1981134352381435,1.9316576850179605,-0.8154905898061415,0.8669250252329986,-0.44538952146750954,1
0.8268146650404702,1.7697909612033598,-0.7059353078221909,0.6531824669819123,-0.6001801773414419,1
1.1733389712846987,1.9008299090663725,-0.8502614380380108,0.8647863773393953,-0.44381010523901077,1
1.1704345595758958,1.897164368659228,-0.8543400214684616,0.8645279403645021,-0.44361774763086925,1
0.9222663822855999,1.8886954500805742,-0.571963541597362,0.6614418514770397,-0.6062836258828392,1
0.9042297341134814,1.8662596334600658,-0.5972775520753044,0.6598860195612919,-0.6051348545189148,1
1.1343836832234562,1.8523110412685195,-0.9049369962320521,0.8614167743343711,-0.44132029321445443,1
1.164996247698058,1.890381325043301,-0.8619733663763156,0.8640560889821406,-0.44326881539724855,1
0.9417755706496991,1.9130326456206266,-0.5445798033266677,0.6631351475845725,-0.607535926653221,1
0.9351732083844219,1.9048190121223099,-0.5538461044635925,0.6625654897445822,-0.6071152839008176,1
0.9557260969300538,1.9296866751924167,-0.525031189153468,0.6642337442499634,-0.6083267200737963,1
0.8949036537384452,1.8546247502583764,-0.6103679821568454,0.6590764376282929,-0.6045360924263663,1
0.8984846661951633,1.8591329978786837,-0.6053397581151216,0.6593934000570293,-0.6047716947071011,1
0.8501012741808324,1.7988137032366436,-0.6732506264613846,0.6551996241125434,-0.6016712211784976,1
0.9834090700047741,1.964887229470582,-0.4861452510463376,0.6667364138443928,-0.6101969155067921,1
1.1515233019387217,1.8735911332710644,-0.880883693543036,0.8628892478353907,-0.44240635267658307,1
1.1340142386154195,1.851841279191205,-0.9054559502271192,0.8613833761437185,-0.4412953356530116,1
1.1074341723362036,1.8186684401032076,-0.9427652583698583,0.8590741299022343,-0.43958706852107304,1
0.9603502801509682,1.936109763561218,-0.5185118626798297,0.6647331968660476,-0.608715054036127,1
1.093595934803276,1.8015098414350181,-0.9621844977482907,0.857888664891855,-0.4387133602016247,1
0.9394011628600969,1.9100272258637934,-0.5479145016116216,0.6629225555485231,-0.6073774440386109,1
0.8739968239943183,1.8285948817617736,-0.6397112685504327,0.6572694541516334,-0.6032011852208874,1
0.8617165204196499,1.813299745842868,-0.6569472456450367,0.6562072171643787,-0.6024162944133199,1
1.1120584109790912,1.8244856457339382,-0.9362723965576745,0.8594827721194089,-0.4398906928497081,1
1.1827605033329576,1.9125548226195348,-0.8370383010207822,0.8655998912370659,-0.4444109341272193,1
0.8936571805949683,1.8530434113037422,-0.6121187291001823,0.6589642941095085,-0.6044523906213832,1
0.9289221754102874,1.8969660135098025,-0.562622669073459,0.6620146895350294,-0.6067063389941705,1
1.2020689971765997,1.9366035797151702,-0.8099379320765799,0.8672700613761172,-0.4456450289713492,1
0.962247581414915,1.9384728550381287,-0.515848912132385,0.6648973119928665,-0.6088363193055238,1
1.139234540854704,1.8582854635119934,-0.8981315411452815,0.8618262792799628,-0.44162092131060815,1
0.8998768026020911,1.860828432665254,-0.6033875151692415,0.6595080527611371,-0.6048552939475792,1
-0.2766471895632278,0.39547571176679047,-2.2546932246017763,0.55774105725658,-0.5296595670696458,1
0.8837648471929515,1.840732113981421,-0.6260026577094218,0.6581100562502055,-0.6038214706484952,1
0.9633216851022312,1.939810652739025,-0.514341357661989,0.6649902211508425,-0.6089049702232657,1
0.9399002892781512,1.9106585068236317,-0.5472135331660599,0.662967171117829,-0.6074106901623009,1
1.1583212538507546,1.8821253202142112,-0.8713395027723905,0.8634873561201332,-0.44285025369357645,1
1.1090272699965205,1.8206718821144565,-0.9405284291079918,0.8592148146690166,-0.4396915800431078,1
1.1780440322860288,1.9066804510877786,-0.8436580874485309,0.865191920052567,-0.4441094827220172,1
1.2369076305223572,1.979947056682295,-0.7610423967415202,0.8702763693014456,-0.44786500334936763,1
0.8429804514084192,1.7899735629884967,-0.68324376841079,0.654588002852133,-0.6012201305324109,1
0.8362282730452452,1.7815444784768808,-0.6927216073336133,0.654001061499796,-0.6007858783818527,1
0.8831169716087308,1.8399636571293294,-0.6269102959829014,0.6580597815453252,-0.6037854405478696,1
0.9119565450227692,1.8758449145298741,-0.5864342989063814,0.6605486168270069,-0.6056233320065474,1
1.1382487649959245,1.857125006223713,-0.8995121742401551,0.8617511009894507,-0.44156732840664337,1
0.35767406901762216,1.1854949047767585,-1.3643951065099706,0.6126050426614953,-0.5701979286512668,1
0.9321988508969098,1.9011048272743167,-0.5580211748120607,0.662306768556633,-0.6069238343498907,1
0.847002873222869,1.7949450220662384,-0.6775997975885864,0.6549301732580565,-0.6014718434375954,1
0.8366175852082294,1.7820486039047105,-0.6921743469926361,0.654037619729949,-0.6008134504238986,1
0.9202961827066944,1.8862704184926296,-0.5747275443934519,0.6612757552340108,-0.6061617353068687,1
0.8372293450511364,1.7828105516766122,-0.6913157136066103,0.6540905364944656,-0.6008525508153683,1
1.1264470534520312,1.8423778659634766,-0.9160785317088453,0.8607230542965187,-0.44080630335390064,1
0.8870211216587618,1.844797426834898,-0.621431903772923,0.6583931630439225,-0.6040309388130025,1
0.9167943737368323,1.8818800554941193,-0.579643760041032,0.6609685268690825,-0.6059338845932414,1
1.0772387116230169,1.7811080413864127,-0.9851438850100575,0.8564694529039049,-0.4376638607087256,1
1.173154925050007,1.9005429695220228,-0.8505222833387158,0.8647618084130669,-0.44379027407426874,1
0.8924964828431776,1.8516554702619301,-0.6137452945143822,0.6588725436963235,-0.6043862729993459,1
0.899437012115946,1.860280672976698,-0.6040047815665689,0.6594700112161389,-0.6048271849103936,1
0.9233345809004175,1.890006656441099,-0.5704651177882217,0.6615313668287075,-0.6063492100730047,1
0.8631063711226598,1.8150308069099066,-0.6549965255560469,0.6563274382008151,-0.6025051261782719,1
1.210195730095672,1.9466581093823738,-0.7985346336968959,0.8679629270607332,-0.4461550333573085,1
1.1838229302417427,1.9138492220298189,-0.8355483993781502,0.8656874658295215,-0.44447480476746054,1
0.900392844038843,1.8614807813054213,-0.6026628057083984,0.6595541314667891,-0.6048896211880839,1
0.9176599922266738,1.8829678028610877,-0.5784284029310313,0.6610448437258869,-0.605990554914586,1
0.9373348447756374,1.907463241973722,-0.5508142538171371,0.6627452621053401,-0.607246720778718,1
0.9558523296859387,1.92939183901885,-0.5248738171202285,0.6641769122711365,-0.6082715894725151,1
1.1531675447545313,1.8756871314936923,-0.8785738157510812,0.8630386811525007,-0.4425181670820196,1
1.1552225861598588,1.878237070263544,-0.8756898908890871,0.8632149991714531,-0.44264816959736913,1
1.1617264108491978,1.886337593350072,-0.8665614705132257,0.8637775750965212,-0.4430638590126718,1
1.071157629034659,1.773524425917981,-0.9936793884986207,0.8559420023403924,-0.43727384603614144,1
1.13434072884438,1.8522094501170434,-0.9049993912439943,0.8614058512580232,-0.4413108245341552,1
1.1999540228544676,1.931689843293658,-0.8130062470472934,0.8667454795876095,-0.4451911683133639,1
0.9124472139314743,1.8764656616495476,-0.5857452009684609,0.6605925008281397,-0.6056560375718297,1
1.1758759573564497,1.9039704923354712,-0.8467015027352323,0.8650029416971142,-0.4439695664059305,1
1.0681354790273025,1.7697603336991867,-0.9979211165623065,0.8556805886465592,-0.43708068649855825,1
0.9558845593257391,1.9293165616979395,-0.5248336370266355,0.6641624019786702,-0.6082575135743156,1
0.9670066067415206,1.9444194645509691,-0.5091685561769369,0.6653118471124235,-0.6091431798580678,1
0.8777570630189511,1.8332397917944148,-0.634435283465097,0.6575889459441926,-0.603436140815442,1
1.0750280824137604,1.7783258446530221,-0.9882478698244584,0.8562739106133942,-0.4375185352452971,1
0.9930300962752929,1.976812521956985,-0.47264422115534516,0.6675599762866758,-0.6108037717223809,1
1.1409404053063406,1.8604293567254364,-0.8957364384482025,0.8619767182890524,-0.44173264027807513,1
1.214720630963824,1.9523034982605316,-0.7921833036142606,0.8683557690804062,-0.4464455852829284,1
0.9559409611953897,1.9291848263863465,-0.5247633218628477,0.6641370089668539,-0.6082328807524666,1
1.177744400090235,1.9062495490611806,-0.8440811630203284,0.8651573530278736,-0.44408226392570727,1
0.8441275867771602,1.7913830851905572,-0.6816345531970014,0.6546843461734158,-0.6012907599343787,1
1.1813957584250616,1.910835794292728,-0.8389546265763443,0.8654789588109555,-0.4443210176821847,1
0.8803908344285873,1.8365682493162938,-0.6307365562791555,0.6578239727375484,-0.6036112005545459,1
1.2000104247241183,1.9315581079820645,-0.8129359318835054,0.8667200865757932,-0.4451665354915148,1
0.8465467011838912,1.7944153322578758,-0.6782383710222054,0.6548964807650983,-0.6014480659942045,1
0.9410813880507538,1.912119948776481,-0.5455562274269605,0.6630678937589004,-0.6074848349755508,1
0.8911706728463783,1.8499464622953687,-0.6156086583466104,0.6587492130666346,-0.604293466449603,1
0.8716479220992295,1.8256308479155652,-0.6430097468177158,0.6570605098671997,-0.603045677459152,1
0.95595707601529,1.9291471877258908,-0.5247432318160511,0.6641297538206207,-0.6082258428033668,1
0.88203682948245,1.8385894836979317,-0.6284275896093005,0.657962025533944,-0.603712369724899,1
1.1055151179127904,1.8163359647266422,-0.9454562126358603,0.8589167822095333,-0.4394724808285042,1
1.1955304088846008,1.9283924305370685,-0.8191180939462377,0.866694387848681,-0.4452177050788499,1
0.9030591118212126,1.8647535302866516,-0.5989226814393682,0.6597775540618718,-0.6050533113842936,1
0.851336337278711,1.8003712126809273,-0.6715163153563163,0.6553093391600004,-0.6017528490612852,1
0.9230025856983571,1.8896412473452808,-0.5709289819483598,0.6615098570493838,-0.6063347139972416,1
0.8267307567793123,1.769734544752368,-0.7060509704248624,0.6531824165356647,-0.6001815376456298,1
1.162884956263537,1.8877709450624829,-0.8649358194611682,0.8638763468891311,-0.4431365623368353,1
0.9180917253028691,1.8835343818798707,-0.577821181557102,0.6610865128440016,-0.6060221829263214,1
0.8996936899326635,1.8606099838518195,-0.6036441010067137,0.6594936551644843,-0.6048449350264042,1
1.122063511172427,1.8369373942584535,-0.9222301945132231,0.8603467642210192,-0.44052882026802836,1
0.8652206150934297,1.8176544825609098,-0.6520295071405667,0.6565088771969786,-0.6026389126024734,1
0.38586308104412326,1.2206139784352876,-1.324830096048063,0.6150448124293356,-0.5720009630008356,1
0.9524513665184522,1.9263005100179336,-0.529597091332199,0.6640542713337175,-0.6082142320165579,1
1.1839214678176808,1.913962332441608,-0.8354105186170871,0.8656945477444439,-0.44447975810456136,1
0.8886002568366302,1.8467930968360033,-0.6192142501957102,0.6585340815775131,-0.6041359025820107,1
0.9561531396574092,1.9286892506903517,-0.52449880291336,0.6640414828747833,-0.6081402144226534,1
0.8245029458184252,1.7669117115583868,-0.7091799132440403,0.6529825050146146,-0.6000324247100816,1
1.1023181793788892,1.8123541731444475,-0.9499432645241249,0.8586402494401241,-0.4392681497505011,1
0.9221992556766735,1.8886503169197804,-0.572056071679499,0.6614418111200415,-0.6062847141261897,1
0.8568362707923758,1.807202151287669,-0.6637977455433385,0.6557821962343413,-0.6021016858569362,1
0.9901576289993671,1.973254096361359,-0.4766750199278801,0.6673143930580928,-0.6106228684053001,1
0.8958483423486765,1.8558205978570108,-0.6090412251474483,0.6591610355018087,-0.6045991611371658,1
1.1657742051916944,1.8913406539483073,-0.8608818881680993,0.8641219402069636,-0.44331719359307836,1
0.908548835587476,1.8716486988942196,-0.5912150710119309,0.6602610600887544,-0.6054122528566208,1
0.9791487709968232,1.9595425477471877,-0.4921264640404674,0.6663621351528519,-0.6099192415449809,1
1.1371063344014853,1.8556540158508468,-0.9011177352454159,0.8616450740506074,-0.4414875871333801,1
0.9495422500353474,1.9226964377815945,-0.5336793289711776,0.6638055179763847,-0.6080309862797119,1
1.1011817872234149,1.8109195585020834,-0.9515390863733827,0.8585390693546859,-0.43919282838246687,1
0.8326171832861782,1.7770660975068855,-0.6977890971067876,0.6536915879841009,-0.600557766297191,1
0.9112662485253374,1.875014004086829,-0.5874018982128132,0.6604932312341649,-0.6055832459362323,1
1.1320853930179948,1.8494004260731673,-0.9081648599482374,0.8612107664118791,-0.44116667562551104,1
0.8157918445554778,1.7560716405790457,-0.7214059276194322,0.6522304428434795,-0.599477002728096,1
0.8434144701885321,1.7905045157268122,-0.6826350241799708,0.6546241036379191,-0.6012465260196725,1
0.8187412296143419,1.7597835770769366,-0.7172646433096441,0.6524913284681992,-0.5996708901367578,1
1.2025477225738412,1.9371613597639705,-0.8092677039559185,0.8673057047175365,-0.4456702479038263,1
0.9557556407665375,1.9296176709815815,-0.5249943574010077,0.6642204431485358,-0.6083138171671134,1
0.8434202418945644,1.7905213226770524,-0.6826265020134625,0.6546260443971311,-0.6012482395695965,1
1.1524879914703665,1.874831128610344,-0.879528021692982,0.8629784587955034,-0.4424733890456381,1
1.156975843031941,1.8804015176773965,-0.8732299559610331,0.8633637715451371,-0.4427575390185352,1
1.0722848968484526,1.7748995847695268,-0.9920984796307418,0.8560351856221748,-0.43734186095750616,1
0.9049789664434231,1.8671447120040012,-0.5962280762048812,0.6599436200371521,-0.6051760181427769,1
0.9177052323096678,1.8830337677320956,-0.578364485062199,0.6610501984699064,-0.6059947910704113,1
1.0930342531841313,1.80076217475345,-0.9629749505622089,0.8578328723008937,-0.43867073727233735,1
1.1941518348607227,1.9266754145902494,-0.8210529866917062,0.8665751422364755,-0.4451295940584411,1
0.9409325055181211,1.9119729884940968,-0.5457635057496263,0.6630607815762295,-0.6074806978209627,1
0.9703075878244599,1.948511604714932,-0.5045363183505956,0.6655944964617739,-0.6093514714677909,1
0.980524925950317,1.9612854055843447,-0.49019370264663636,0.6664854960502894,-0.610011231912211,1
0.8512572671583211,1.8002631124492612,-0.6716277152557125,0.6553010581432889,-0.6017464506718302,1
1.0809396147157406,1.7856694301477714,-0.9799516019729555,0.8567823706721562,-0.43789367921677574,1
0.8280866440784602,1.7714136860686183,-0.7041483408611837,0.6532982582523124,-0.6002668539992997,1
1.1071782947182833,1.8183978355688701,-0.9431222879612285,0.859059204236468,-0.43957743747097694,1
1.204577791550521,1.9397090501837209,-0.8064175651326041,0.8674841871732593,-0.4458026882769109,1
1.0585809125333783,1.7578312524229238,-1.0113326588448996,0.8548498013257916,-0.4364659761513571,1
1.1999781950843178,1.9316333853029752,-0.8129761119770984,0.8667345968682595,-0.44518061138971426,1
1.2341196049734544,1.9764841850981838,-0.7649550989323934,0.8700366487074964,-0.4476881524387088,1
0.9227425552459914,1.8892692876295814,-0.5712960533230853,0.6614801570565946,-0.6063113709844855,1
0.9136990586815844,1.8780344543840297,-0.5839877573428586,0.6607022259648463,-0.6057373933937797,1
0.9237096638480201,1.890483441078524,-0.569938250121394,0.6615652527314754,-0.6063745280067192,1
0.8509467583827942,1.799847518472836,-0.6720647926867884,0.6552698748356545,-0.6017225706639343,1
1.1996209832431968,1.9324677089430673,-0.813421441347755,0.8668954192764292,-0.445336619261425,1
1.0817523358120371,1.7867393851443507,-0.9788083822709429,0.8568613194993474,-0.43795369188980215,1
0.9502865108580547,1.9236234157160736,-0.5326347242987773,0.6638698959756122,-0.6080785554195645,1
0.9557395259466371,1.9296553096420372,-0.5250144474478045,0.664227698294769,-0.6083208551162131,1
1.134171445290935,1.851988988923622,-0.90523740989156,0.8613897668474658,-0.44129866018835445,1
0.8679860872840686,1.8210892639045821,-0.6481484596367361,0.6567466469424662,-0.6028143220240457,1
0.8329016527013267,1.7774011680121633,-0.6973906736723721,0.6537133113517335,-0.6005732587416026,1
0.8811430192947782,1.837466623530415,-0.6296825150781046,0.6578832701165629,-0.6036538975421963,1
0.8437155878894461,1.7908410851321577,-0.6822140767197682,0.6546443840477049,-0.601260393225594,1
0.2293445408610859,0.7250065301404832,-2.1752048868440363,0.7831200397605427,-0.3834643126156904,1
0.9764251862535303,1.956131082433946,-0.49594998449033606,0.6661236641069399,-0.6097424753824882,1
1.1489162367217949,1.8703921211709857,-0.8845407242585797,0.862670946217519,-0.44224644638922533,1
1.227139073857859,1.967770686902125,-0.7747534415615214,0.8694299550144873,-0.4472393052111503,1
0.982534460539718,1.9637498107029268,-0.48737491264296984,0.6666535532310293,-0.6101342919164305,1
1.1673079669201027,1.893260574688274,-0.8587287609544664,0.8642560509494382,-0.4434165680286088,1
0.9526940818527211,1.9266220488829116,-0.5292555864569977,0.6640781490488711,-0.608232434379542,1
0.879759073664267,1.8357621538037472,-0.6316241045058387,0.6577664428864352,-0.6035681325048208,1
1.1995350375370624,1.932668448465495,-0.8135285882640033,0.8669341133896729,-0.44537415498995686,1
1.0590999065063795,1.7584968967332768,-1.0106033840534288,0.8548975769345979,-0.43650183675565013,1
0.9556965530935699,1.929755679403251,-0.5250680209059286,0.664247045351391,-0.6083396229804792,1
1.205902667982056,1.9413495674193677,-0.8045584607636092,0.8675973464732725,-0.44588602258308696,1
0.8510318669421489,1.799991994435004,-0.6719436536313892,0.6552830027057711,-0.6017333889586183,1
0.9164163382529801,1.8813899751865086,-0.5801751930384879,0.6609329440631604,-0.6059070332957386,1
1.1765747113632303,1.9048119366186813,-0.8457220329211593,0.8650590588581294,-0.444010193034653,1
0.9562149131336932,1.9285449691586067,-0.5244217910673065,0.6640136714808891,-0.6081132356177711,1
0.9560752513612247,1.9288711708825523,-0.52459590480621,0.6640765494149105,-0.6081742311766354,1
1.1256717817617112,1.841412263948394,-0.9171666615759291,0.8606559938806566,-0.4407567521665542,1
0.9778634963087159,1.9579609728224396,-0.4939295642123911,0.6662538428847429,-0.6098397830223585,1
0.8850086345331116,1.8423197260461306,-0.6242552591072174,0.6582234089600285,-0.6039063454449949,1
1.1109954506044408,1.8231521087631306,-0.9377647321792968,0.859389385338567,-0.4398214094988571,1
1.1327031912998669,1.8501987495755705,-0.907296487406208,0.8612685300298006,-0.4412101959222096,1
0.8874947421823025,1.845387321884112,-0.6207671553450321,0.6584341308616127,-0.6040612100838179,1
0.9126225359238845,1.876722498573471,-0.5854974431648918,0.6606134320921022,-0.6056726218228593,1
0.8911657013391437,1.8499883616859125,-0.6156135295446334,0.658755990590002,-0.6042998719655934,1
0.9647767768096482,1.9416518264177172,-0.51229780486351,0.6651204100178951,-0.6090020058022982,1
0.8408965514729305,1.7873395894674433,-0.686170304105325,0.6544019810371212,-0.6010815602674413,1
1.1925454415502883,1.9247131225195104,-0.8233059491644895,0.866441956471984,-0.4450323006716419,1
0.954035339837089,1.9282444962383647,-0.5273751750517107,0.6641869592968442,-0.6083114370919233,1
0.9558308432594051,1.929442023899457,-0.5249006038492906,0.6641865857994474,-0.608280973404648,1
0.8870011207373483,1.8447532790942525,-0.6214608186135802,0.6583885499573258,-0.6040269711547471,1
0.9497169051954261,1.9229043527548646,-0.5334346136413464,0.6638191840048644,-0.6080408046424794,1
0.8295438881233291,1.7732094490767119,-0.7021038737005617,0.6534214257399399,-0.600357303876206,1
0.9559866198517737,1.9290781835150563,-0.5247064000635908,0.6641164527191932,-0.6082129398966841,1
0.974505464997786,1.9537496851067273,-0.49864398123007553,0.6659590511787562,-0.6096211218016574,1
0.9470047304977313,1.9195167169519725,-0.5372416982529465,0.6635831414302795,-0.6078661124021824,1
0.9437796002660002,1.9154998125692295,-0.5417683185000143,0.6633041701002935,-0.6076599794628211,1
0.955868444505839,1.9293542003583948,-0.5248537270734321,0.6641696571249034,-0.6082645515234153,1
1.1273831511864476,1.843553395331816,-0.914764253701837,0.8608054675547651,-0.4408674783286404,1
0.9289648630564308,1.8970480358810173,-0.562561491051012,0.6620227065171843,-0.6067131013191648,1
1.1995887536033962,1.9325429862639776,-0.8134616214413483,0.8669099295688957,-0.44535069515962444,1
1.2128038622443291,1.9499353966034982,-0.7948727350233722,0.868192853055377,-0.4463257650658856,1
1.2128119196542793,1.9499165772732705,-0.7948626899999738,0.8681892254822604,-0.44632224609133575,1
1.1106009002012895,1.8226703139455827,-0.9383180807077919,0.8593566985375883,-0.43979753661749676,1
1.0681576322861674,1.7697590707692337,-0.9978912873595068,0.8556781803537311,-0.4370780684546874,1
0.8760548179358951,1.831158116201811,-0.6368227783578106,0.6574474690737399,-0.6033327211000252,1
0.9229658031247118,1.889585816314437,-0.5709810293095515,0.6615052338735374,-0.6063310183998237,1
0.8404207786119381,1.7867951050888276,-0.6868359668953584,0.654368034598856,-0.6010578746987522,1
0.9559060457522727,1.9292663768173326,-0.5248068502975735,0.6641527284503592,-0.6082481296421827,1
0.8508769459705512,1.7998086584221185,-0.6721606711100584,0.6552710436696951,-0.6017248318988012,1
0.9449976149787145,1.9170264699430533,-0.5400583569049755,0.6634109689643077,-0.6077391730511414,1
1.1993980615679105,1.932988377079365,-0.8136993536617738,0.8669957821326554,-0.44543397755730463,1
0.9777728827762618,1.9578192586902927,-0.49405800844480324,0.6662416803496075,-0.6098299575330556,1
0.8350274400841613,1.7800584575636476,-0.6944066109238752,0.6538986318663208,-0.6007104722656521,1
1.1998412191151662,1.9319533139168452,-0.8131468773748691,0.866796265611242,-0.445240433957062,1
1.2364342767317484,1.9793767304133423,-0.7617059281799163,0.8702383075779483,-0.4478374384338573,1
1.1881726424839512,1.9192475583741841,-0.8294442186043361,0.8660608296323289,-0.4447501256197031,1
0.8940887803046972,1.853600205932395,-0.6115121162210007,0.6590045101805267,-0.6044826654554661,1
0.9558362148660385,1.9294294776793055,-0.5248939071670251,0.6641841674173697,-0.6082786274216149,1
0.9267711488658723,1.8942869068279555,-0.5656417348501308,0.6618286273630195,-0.6065688569725513,1
0.8406489979978934,1.7870697343831397,-0.6865160716838014,0.6543863338924315,-0.6010711165981,1
0.9256696536795241,1.892972702667295,-0.5671852067108446,0.6617419979270458,-0.6065065232593658,1
-1.909044378142,0.6891720003357207,0.9986601165723243,0.9888771151101209,2.029828615203958,0
-0.9695268371873804,1.0142813412334886,-1.0738126442851588,-1.4724276387386601,7.665816001970999,0
-0.21908197254338857,2.1703541239541435,0.9614269255780704,-1.1675526950294792,-0.08704111675561862,0
-1.1950728833280555,0.8610181747421132,-0.5074070705590227,-1.1931717364374443,1.8102048750427087,0
-1.8402952652508604,0.6771251215130522,0.8921864058368167,0.8065231954262014,2.0165924386703806,0
-0.8728323264389564,0.9707519833915699,-1.2423276645297707,-2.366197370281801,-0.12968791234882424,0
-1.469894279732832,0.7775223900609796,0.09479600031867577,-0.33561097971874587,1.8997845132611824,0
-0.9667723986319047,0.9307115173658669,-1.0947803943716259,-1.61573734759972,-0.2888126776347418,0
-2.0274915207965423,0.7270139667478334,1.1519674590597775,1.1252868578513733,0.214771770090458,0
-1.9648179001289647,0.5806172513554569,1.23011813490416,1.097083091734072,0.24214738258938986,0
-1.6489701096148581,0.8382393500841686,0.3919053114443864,0.6022168282411182,7.874072088111092,0
-1.8538479993739825,0.6590185776472779,0.9424348373508645,0.8608747408274832,2.024424881103622,0
2.6536358608363315,-0.19988946143021571,-0.306706030389888,1.809247657061273,1.4693966986981741,0
2.379342193335316,-0.3703134754678905,-0.33352627718825806,0.7845280049197624,-0.7435690567470133,0
2.37010962784621,-0.3803326550723228,-0.3456099620733045,0.7742858339318623,-0.7453339852903109,0
2.377222178976383,-0.3729539577654557,-0.3365018205375151,0.7843446211548023,-0.7434335571730402,0
2.378341528471042,-0.3708555859001377,-0.334514581678016,0.779947940922637,-0.7446256842276773,0
2.3699472864244053,-0.3817248745967597,-0.3465411048742894,0.7818650802081859,-0.7434300024801479,0
2.3699444672546224,-0.3817283858768145,-0.3465450617101697,0.7818648363521281,-0.7434298222940121,0
1.6770319566266216,-0.3789883159226445,1.0347696448487036,0.4726976484271228,-0.27364206969883026,0
1.897966291950105,-0.3147287351757939,0.625664179170374,-0.13443167125026453,-0.32974908264111635,0
2.1978487968263987,-0.11865728264549946,0.5107580746258834,-0.4505027259857925,-0.320243028152608,0
2.1402627524270463,-0.19076273225601087,0.42970762675925783,-0.4530468468835914,-0.31595468920892417,0
2.4920787315345927,-0.32954426047694835,-0.37505251108397725,1.0483713398967158,-0.7575028020399937,0
2.433848156356068,-0.2527203003612374,0.00980204568609089,1.3703926950531222,-0.762428423648976,0
-0.8910820296278479,1.7642451021967331,2.573648317791003,1.5328837916251599,0.2930279528284639,0
-0.5025102418324895,1.996522298294804,2.32175906860233,0.3347764437811049,0.39916735034924533,0
-0.5016939153589269,2.0004199870676413,2.324500957329471,0.31518636890848645,0.39336614167932216,0
-0.4080752457433068,2.1227260250455764,2.056556200850662,0.5943043040472824,8.121620777293392,0
-0.41031765168569717,2.1150334893734866,2.050447240238256,0.6248200188464806,8.12914700610344,0
-0.41057609509088766,2.1136554288244063,2.04958427224926,0.6313997592695748,8.131104131463104,0
-0.41016168846452083,2.1148039342872664,2.050635807683642,0.626923777853092,8.130110659460799,0
-0.41020196777954665,2.1145433346120313,2.0504917528668014,0.6278233210075223,8.130350358751803,0
-0.41065895185249707,2.1128701819855733,2.0492137117821665,0.6346396260749373,8.132094379055092,0
-0.502695241125179,1.995508140058592,2.3212970947210785,0.34153565823023296,0.4013876241509164,0
-0.46283932177997994,1.9036484851531184,2.371372770650436,0.31719896732506836,0.41657892249560624,0
-0.5030640360641907,1.993573989160114,2.3201299236570496,0.3483596191844123,0.40318960642071716,0
-0.5027642038530213,1.9953668518136367,2.321225956897092,0.34009281341284026,0.4007154999906099,0
-0.5034473472010781,1.9970746106265778,2.3200702795179557,0.34250054335340874,0.401248325518251,0
-0.5014468441096444,1.9998794035966545,2.3245090072703793,0.32274771373881334,0.396492516172792,0
-0.5026355779758068,1.9954766732168105,2.3211571721896562,0.3414419306436417,0.4013972057182743,0
-0.5016247541628678,2.000470297829907,2.324463272301948,0.3148045177156834,0.3932942028377702,0
-0.5019216964757558,1.9990819021539181,2.3235263958937695,0.3216434233357903,0.39530561653360197,0
-0.5030739852303365,1.9936130485809154,2.3200968869437584,0.34834811548751105,0.4031806963578225,0
-0.4956445676325588,1.9777343319901506,2.329785237976593,0.3401882283919293,0.40488046057078664,0
-0.4999950591226811,2.0055704108957917,2.328857418006585,0.2991868236006253,0.39030569685258015,0
-0.501881443795281,1.9993875871972504,2.3238638890892918,0.3200816733700051,0.3948259693899146,0
-0.5026014918221988,1.995282883041947,2.3213513494616866,0.34149158596281365,0.40143395536147547,0
-0.375231845650533,2.0330491051494195,2.0943197954613852,0.6110561969189109,8.145278967668448,0
-0.5019568603575979,1.9984573113067023,2.3233977087468753,0.32907773167797433,0.39806416132119443,0
-0.5020388921678671,1.9987342370799874,2.323410352367298,0.32343841298175674,0.3958080147703074,0
-0.4904408459549991,1.9651138733488611,2.336088440602087,0.3394418620640956,0.4076652199729635,0
-0.5010378974004602,2.003611129571442,2.3264668683356824,0.2998810456977081,0.38885475419837934,0
-0.5014870649195269,2.0000543347002195,2.324653240365678,0.3224148481049367,0.3963708163650771,0
-0.5019590644117309,1.999124534031797,2.3236417130557894,0.3216123278894932,0.39527426517074776,0
0.1298413676158891,2.076663687616642,0.32903550314752933,-1.6509868751300296,-0.03916047736578409,0
-1.7119381151328095,0.7038518411288213,0.6147602996190715,0.2617541380899094,0.14652375730806114,0
0.042583018445584965,2.6412286282479482,0.20501246549306848,-0.41132704787468954,8.857398572647563,0
-1.8298532381967194,0.9788001262592501,0.4676386122881389,0.3159528345321668,0.09535256144866858,0
-1.7026389279840826,0.7155142897670188,0.5820991017403949,0.22449086407941352,0.14114740505649237,0
-1.6286227632063102,0.7260811921042029,0.4471207335219332,0.16265612446237818,1.9523660332723045,0
-1.8264037497275447,0.9716829767121348,0.47071358840822736,0.3134505709269856,0.09658796841652827,0
-1.6824951064392806,0.6352672514781973,0.6505062457442481,0.24895841114181516,0.1595233453027403,0
-1.085783652664724,0.9607152700109473,-0.7963058200768288,-1.0902966053803287,7.709253376286152,0
-1.3679438831403967,0.6545705863860918,-0.009566443336737838,1.5265534200827398,-0.20151717269686767,0
1.1434121325016642,2.298896365844942,-0.7305316124189727,0.6021404796227227,-0.8053326072686795,0
-0.6665134577351904,1.0136203291228123,-1.7386376003136434,-0.8085317220712845,-0.4719526349140174,0
-0.8364096337570367,0.8222592469825478,-1.1826665431288674,-0.13850884791344692,-0.376643413576604,0
-1.6577933409590258,0.8856702089192923,0.2098574663279486,2.108098236438583,-0.19925795156125856,0
-1.701686703923758,0.6794473134383516,0.6274214511432503,0.25825023815733894,0.15132771662186031,0
-1.8394303926810296,1.0020936620791707,0.45449315324403566,0.3193305837651538,0.09090308742333655,0
-1.8850186689157502,0.621534295106512,1.035506358827487,0.8290313942277378,0.21062555711119016,0
-1.707643810408721,0.6933610728013637,0.6199948194417229,0.2609322078432106,0.14872601983738296,0
-0.8007050011187233,0.899115920190188,-1.2801838526168445,-2.4951405005054648,-0.1257205516195394,0
-0.8206554012224865,1.0268861749688043,-1.3952460868488592,-2.41466745519922,1.6729731359027253,0
-0.46424650076722446,2.04040382886946,1.5659309245497544,-0.3419761144934327,0.010233100926680672,0
-0.4641417544378731,2.0401591775765007,1.5660615098539317,-0.3420232729439486,0.010278847595828911,0
1.1467154222595064,2.3354815665049515,-0.765524548342418,0.8917142440758267,-0.9622548967075025,0
-1.285241996615868,0.8195694474232921,-0.3040211653446692,-1.0539209892627852,0.01197741560049871,0
-1.828923284694814,0.7591477342538036,0.8036892137414168,1.20132073650533,7.943646633817862,0
-1.4002824512514869,0.5642077695280753,0.1683536867956177,1.7070147613000168,-0.1682867693276856,0
-0.8601332710806563,0.7565493149805327,-1.0569796927609147,-0.002607997432407504,-0.35117486759129896,0
-0.7089330655788251,0.7906738245654764,-1.3735357877817918,-0.4619066590678584,-0.3968778735175845,0
-0.9145555999982151,1.109875607618026,-1.3498291698235172,-2.3884875676454342,-0.15962656246252194,0
-1.2424333884086305,0.7254841633645144,-0.24909158129841724,-1.0895319604892684,0.025657893497058215,0
-1.2734815625566531,0.7917171549159067,-0.2894588909886936,-1.0582895137306365,0.017385959165691967,0
-1.3018126167191693,0.8732950287950609,-0.32056097822220797,-1.0965834490215705,-0.01139619662541202,0
-1.2738104224491489,0.792715644393382,-0.28980933156313254,-1.0586971819669604,0.01707894205736456,0
-1.317935284837647,0.9372351514431618,-0.466562739714416,1.0986046661054194,-0.2955252117111932,0
-1.1844051379376843,0.6338384113217317,-0.2978718888210875,1.016340177847517,-0.2438888064637014,0
-1.2847874225915883,0.8213288307966566,-0.30271101038313464,-1.06177223795541,0.009842901395461548,0
-0.8014569975910427,0.759727299071289,-1.1647274104610208,-0.17289930869163803,-0.3666967637299866,0
-1.285243887168344,0.8194202739863949,-0.30406321976527445,-1.0535496557144952,0.012085517171105583,0
-1.0024882377106326,0.9324685922509153,-0.9602523888178232,-1.9622074530932705,-0.087587318757085,0
-0.9161409958681096,0.7147061595343164,-0.9016354522795673,0.1969908272410433,-0.325814768155084,0
-1.880373666008901,0.6921805914668018,0.9326860992943481,0.7471195479918065,0.18993279726393472,0
-1.0943966177302873,0.6372392722369759,-0.4700187218273743,0.7651761943736043,-0.26466494467183427,0
-0.6687902462812532,0.73457603820036,-1.3706336293492818,-0.5202443233891263,-0.3909021466859044,0
-0.9320892648528127,1.9357318759400761,2.552536188504375,1.069555445290141,0.14865188083486758,0
-1.4200975845272739,0.7676766264699318,0.006058178583963634,-0.6223808189324826,0.05899544517445207,0
-1.8765322197502574,0.6831895402987757,0.9374996214851088,0.7454090173983644,0.191615913653517,0
-0.8364885353098297,0.8851352392442837,-1.1972062677721838,-2.38079948413191,-0.11329762113436546,0
-0.840469244795349,0.8229420386029483,-1.1092963721389046,-2.306464401456379,-0.09431253570057872,0
-1.3015210093974436,0.8167820242216716,-0.22042459937391823,-0.33873968434286544,7.801943735210991,0
-1.377632055699276,0.735776409773301,-0.015157814843355722,-0.5545277547381248,1.8893510523616792,0
-1.3776755603334714,0.7355425896550801,-0.015305891717955777,-0.5532782488608109,1.8897360834312553,0
-0.9329110039148685,1.9325664348865828,2.5501891032655193,1.0834413644407888,0.15239406615541037,0
-1.41717330915874,0.7702032509769323,-0.0534262007205849,1.531556047194004,-0.22814324376545325,0
-1.4895444387770893,0.7526810052202111,0.15020958956081068,-0.41178494671158233,0.07988834734629703,0
-1.193723284972389,0.8442968291375291,-0.4700826970075272,-1.3686961523110341,-0.027138345498330274,0
-0.8506450745963813,0.9616549608539992,-1.2715254231134798,-2.4183241218939515,-0.1320180383095344,0
0.9535040619781919,2.2041202040912387,-0.2841702976314115,1.4936926062707112,-0.8925044588553708,0
0.9535378128664371,2.2041422896301226,-0.2841917851888419,1.4936340255988316,-0.8925113277615049,0
1.2687166484686083,2.270662621070094,-0.8350562521975191,0.8692120928087429,-0.8679706589090792,0
0.9534916488857927,2.204097312141416,-0.2842133683518788,1.4936686250315787,-0.8925054204999802,0
-0.43171286104700274,0.869318881299617,-2.0570666055241147,1.2606356872592204,8.446708683104056,0
1.405678373891326,-0.2164485728707714,1.5388218347825358,-1.9053408317962455,0.16968547003896134,0
2.367786044939462,-0.29103225608100414,-0.13908394865274476,0.5443223883621716,-0.6750245022437161,0
2.3089271884932328,-0.3599161294141912,-0.21908004606927545,0.5109965731647694,-0.6783036650252007,0
2.380088869725939,-0.30157249745278547,-0.15463191644599236,0.6134220033044079,-0.6277119489002405,0
2.345938683987789,-0.31756908384166516,-0.1693493650433488,0.538131336232611,-0.674700781857301,0
2.159868071191312,-0.3665085446513883,0.1479114719622143,0.9429026795595835,-0.6664094854012286,0
2.3514560571512284,-0.3103055351772315,-0.16137401568821136,0.5361095254343707,-0.6756766351621455,0
2.515939923058982,-0.36122085107218965,-0.5991986871220313,1.294654754367557,1.4719957112991982,0
2.315863962181738,-0.3554113147612954,-0.2117876462849796,0.5379808940180942,-0.6721673402182673,0
2.338986547487355,-0.3263258937043497,-0.17916487909215853,0.5381547444653595,-0.6741006357872131,0
2.34665355088197,-0.31735281076476723,-0.16874439594604096,0.5424944353346315,-0.6736738277700255,0
2.3007702492489677,-0.33933955725640924,-0.007258481100568578,0.9259712038376268,-0.5657866052969417,0
1.8642134868459588,-0.44991208007017236,0.5407796392063728,1.6352297265546296,-0.8048206279625316,0
2.1382363745878976,-0.3948194051122828,0.11447289725772737,0.9445240731414751,-0.6660151827025561,0
2.1276676602369298,-0.4079819420756956,0.09963969133332433,0.9436046928520342,-0.665340982132309,0
2.1587432559398136,-0.36862574419850974,0.14364075783134456,0.942135618173822,-0.6683638568889726,0
2.221826063659889,-0.4153506376531621,-0.054166675631894916,1.178316437469629,-0.716619966634238,0
2.2210423218164763,-0.41700464915261487,-0.055667296846569486,1.182573939526541,-0.7154912369683389,0
1.779605860185622,-0.10758646145728737,1.114646856033819,-1.5685979999194428,-0.0909541052656727,0
1.7795153382921094,-0.10798754024047859,1.1143685493178157,-1.5666589758953064,-0.09039310365298565,0
1.88872158183643,-0.13718502679934594,0.9032214968302078,-0.8498477468704279,2.2532846937215316,0
0.9699074201869741,-0.42540308368937535,2.3608884711262474,0.48717825134890275,0.12367263399929836,0
0.9952628460358706,-0.3928247003137171,2.40293709135436,0.5024269320148179,0.12421468150435508,0
2.1616631802707786,-0.39644652343736336,0.07290661536793384,0.9346152271152172,-0.6441709633066335,0
1.1424426763017455,-0.2101495820631124,2.6073103432921076,0.5131925420517365,0.11465716920484,0
2.1673096612952834,-0.38956445866178224,0.08074269113442938,0.936064820157177,-0.6442921588003817,0
1.1422573464492658,-0.21072981515208278,2.606824587413796,0.515298942781334,0.1151285923286294,0
2.170921333838091,-0.38491547973725143,0.08590086439885224,0.9354160504086386,-0.6447626945766178,0
2.155686540330857,-0.4038904371536355,0.06451812330168921,0.9340982522729352,-0.6437889686987265,0
2.1751641843614786,-0.37963100325470917,0.0918559023987099,0.9357830537754472,-0.6450338747110046,0
0.9487111602598881,-0.38755120545547267,2.549554202801692,0.6723546667476443,0.13806789560392219,0
2.1779777158048943,-0.3761267457599736,0.09580482460725318,0.9360264221210122,-0.6452137004745382,0
1.6710957300077938,-0.24339865673582856,0.9620523744432525,-1.573218974750524,-0.08248193725595415,0
2.2007168232236176,-0.3479557900118653,0.1276311963160322,0.9389545144406866,-0.6464273645096734,0
0.9572657599016816,-0.4070490686681738,2.4654164432284773,0.6064031112066487,0.13554579798809127,0
0.9591173700597824,-0.40038311446884345,2.470572666027336,0.5786373517618189,0.12839360703585592,0
1.2880332244563095,-0.3226504265308891,1.631751780337546,-0.5730508181747922,-0.15695727695708905,0
1.6245833789695558,-0.14907565557079033,1.3645019189774026,-1.7716432395244144,0.22303775653858682,0
1.578006507257029,-0.20001311180792297,1.3033289256206797,-1.8207035807995484,0.21485451354544763,0
1.451102539851142,-0.24682083712969027,1.397042000464553,-1.7811929692871935,0.1426711061827588,0
1.450324052362757,-0.25100538543970763,1.394068529346359,-1.760639328435697,0.1479330106849663,0
-0.5122259193448101,2.0157523932776367,2.3087446950957986,0.350823949664107,0.3986953481173442,0
-0.49970869827516945,1.9870863995022596,2.3245064278426,0.343805294231577,0.40375535642823324,0
0.04601135178910976,1.9130513676460672,1.3630520790667893,1.047712626445621,0.011314105292380958,0
-0.07256080051199347,2.165254026100759,1.2458156319882954,1.1275962944006075,-0.032880197772836614,0
-0.030650850567931487,2.090516620435152,1.2671245587483726,1.08269904058119,-0.022367762198057833,0
-0.07208356951472607,2.199562806455847,1.2186077586425006,1.0738506449332217,-0.048336915562819646,0
-0.05029105997532237,2.1354620169947105,1.2423854985611977,1.0946199172091207,-0.0299554108752276,0
-0.3806310335769671,2.046037861305633,2.0878092334861202,0.6099784034190439,8.141634425597568,0
-0.37555619335061047,2.1649404128005467,1.960896894949826,0.6947471198037676,10.849153620849266,0
-0.5026966022158014,1.9952676569844632,2.3211659522846726,0.3421358162702233,0.4015674021093642,0
-0.5030415367477032,1.9935722817060002,2.3200916674972922,0.3482981278886165,0.4031847633184321,0
-0.5028173262679246,1.9952643430911712,2.3209974982303354,0.3428282674782661,0.4017019847749439,0
-0.5022120730706784,1.9981444843174987,2.3229547136531585,0.32672798051987045,0.39676129963069595,0
-0.5021992343089186,1.9980793638886463,2.3229616386950673,0.3268069481538211,0.39679182390930373,0
-0.5026807068716054,1.9951079391749966,2.321212036558048,0.3423484534885199,0.4016405198854342,0
-0.5028038631093682,1.9954838447154135,2.321079872450933,0.34016818140649535,0.40071378018116866,0
-0.5022828291778035,1.9972686260717722,2.322483166928632,0.33434641037567997,0.39947011919581676,0
-0.5027638062985511,1.995272788059933,2.3210701839680055,0.3425078666204612,0.4016383958812092,0
-0.5027120571205227,1.9957887753479737,2.32134216096933,0.33842355530054535,0.4002124981763596,0
-0.5017610410207838,2.0000413776085484,2.3242938989543753,0.31690897335861934,0.3938767073895509,0
-0.49802572365078795,1.9827928054689477,2.3266753392893698,0.34289834281700404,0.404364579228785,0
-0.5021967362466774,1.996485396733509,2.322275627691997,0.3363216247054978,0.4001393925477062,0
-0.50223432957064,1.9970451885144325,2.322354514014918,0.33478227191015436,0.39962300714524984,0
-0.2058793408903842,2.768768347318617,1.3285525759822883,-0.2802436347703879,-0.45323664186906193,0
0.35171544524646825,2.4119159575205535,-0.31177519217664845,-1.7952756894916706,-0.2676459457998145,0
-1.6271106521206953,0.8410016753590881,0.33346156081252015,0.5519234635906475,7.872266734643672,0
-1.6081059078517206,0.7966131484621752,0.35715442266790093,0.5433672277996106,7.880566822615288,0
-1.7535924919527528,0.6306763982270356,0.7844183716846416,0.45335788827100876,0.17770874408029425,0
-1.6830514367623945,0.6351835291333009,0.6504614499234691,0.251642362713941,0.15999038749551014,0
-1.8963232075568175,0.6699463384322473,1.0070216562023773,0.9661844586386475,2.030367072830656,0
-1.6874195530654714,0.6471437236584681,0.6442384175502461,0.2504739976399802,0.15716763533655154,0
-1.6726229898049203,0.7071639362718904,0.5762800575036034,0.2826764572286262,1.9614420886606554,0
-1.6550600361971486,0.6530229163687853,0.5947058753075035,0.306487442950706,1.978438505998693,0
-1.7528657918939015,0.6318054355657015,0.7839183879221365,0.448129927322655,0.1765968269195667,0
-0.7918889837694092,0.880241911586237,-1.268741229757036,-2.503673300716438,-0.12325447709677115,0
-1.7642751589214034,0.6578202320808003,0.7695307819432288,0.45479483830145634,0.1720632495860539,0
-1.7648334905758967,0.6575592308339876,0.768430200464871,0.4588214218871507,0.1729293732631603,0
-0.8059234079479686,0.9126668597679297,-1.286336495088281,-2.4960785568896156,-0.12896619336512039,0
-1.7412586611258505,0.7991916030972316,0.54130708152666,0.24950594734003778,0.1264742910270082,0
-1.874722933992843,0.5957471955121952,1.0482795322734006,0.8286596661280462,0.21641591989525447,0
-1.1914578689986037,0.8634685107178596,-0.5182770588297844,-1.2047544271485182,1.8089555832113473,0
-1.7369152983725273,0.6688381530460492,0.7166226605631679,0.5247517374708817,1.99456364659183,0
-1.1456916520075062,0.7854900717330159,-0.5109096517140918,-1.411372286326504,-0.011219844870081899,0
-1.1467632875308698,0.7879930426532911,-0.5122456398260613,-1.4108898191019952,-0.01168786848521396,0
-1.2867480556309339,0.8229331884330144,-0.3059380418477801,-1.0528721500902922,0.011428678193554151,0
-1.2862378749878438,0.8247162830417586,-0.3045188656429852,-1.0611189161519845,0.009209522248242544,0
-1.2867131401878167,0.822851638002028,-0.30589451341305435,-1.0528878695737975,0.011443927083270232,0
-1.2867077685811834,0.8228390917818764,-0.30588781673078885,-1.0528902879558752,0.011446273066303463,0
-1.286466107276222,0.823762004636628,-0.3051949703340551,-1.057007625031527,0.010330830136064542,0
-1.0449910219204326,0.8543481757629076,-0.7822589470533132,-1.7635475206548274,-0.054871315174393934,0
-1.28670239697455,0.8228265455617245,-0.30588112004852325,-1.052892706337953,0.011448619049336731,0
-1.286654052514849,0.8227136295803587,-0.3058208499081337,-1.0529144717766528,0.011469732896635929,0
-1.2866406234982657,0.8226822640299793,-0.30580410820246995,-1.0529205177318468,0.011475597854219009,0
-1.197961923078873,0.8668058969313931,-0.5112567015442439,-1.1895553846659028,1.8096239602614443,0
-1.0336661815512311,0.8281276405452286,-0.768080934760907,-1.7692018678064065,-0.05008872199206122,0
-1.0450313046871063,0.8544422734010013,-0.7823091811639277,-1.763529395820395,-0.05488891134763912,0
-1.2274574382747394,0.8656018790830752,-0.4549746159388472,-1.2744881615803973,-0.01852100520616978,0
-1.721178816288124,0.7576135316020953,0.6118260214728124,0.9001417417181669,7.918537550120897,0
-1.8402760701906964,0.7008345172151866,0.8492529738100808,0.6257154359316133,0.17792675044928377,0
-0.2487315611400583,2.065009876737118,1.1491181778846236,-0.9755158702797477,-0.048961626216238376,0
-0.24800634549484143,2.0676527386499646,1.1511717539117496,-0.9879864580646025,-0.052385103245943435,0
-1.812135718601101,0.6348779725223962,0.8842754902732927,0.6136019359724293,0.19038009521242058,0
-0.2401257810485484,2.122003568309075,1.0685949494716096,-0.8976388300018008,1.7652627570040715,0
-1.8297375245990595,0.677103240650065,0.8626194524182186,0.6188405494735083,0.18190300071587778,0
-0.23934500753422885,2.1203335398239673,1.0696080228207143,-0.8983608289513628,1.7654948229732847,0
-1.2865144517359224,0.8238749206179936,-0.3052552404744447,-1.0569858595928274,0.010309716288765385,0
-0.2376567401954987,2.037425181312233,1.1624738335609814,-0.9759376685149741,-0.04274045818328664,0
-0.2394604964179119,2.1206032837090696,1.0694640427683713,-0.8983088357414842,1.7654443841379939,0
-1.5462799340436073,0.8968986842029792,0.11548689683573207,0.26802388314109693,7.836873165954693,0
-1.9027753645737568,0.5964653852373509,1.0974575025797646,0.90707585017126,0.22295829515691196,0
-0.918445763397661,0.8762913681545129,-1.0382076446366373,-2.1415907916677006,-0.09130970589509561,0
-0.9184430775943442,0.8762850950444369,-1.0382042962955043,-2.14159200085874,-0.09130853290357896,0
-0.9181933588794329,0.8771891885689609,-1.0375014048753723,-2.145712965507508,-0.09242045685926803,0
-0.239849141000656,2.1213574385026974,1.0689398237655632,-0.8977633836955782,1.7653835744300164,0
-0.24022515346499407,2.12223567391332,1.0684710560069772,-0.8975940969501364,1.7652193556176896,0
-0.2396505135423036,2.1238682138802436,1.0699705923989582,-0.9058698835967615,1.763028351468777,0
-0.2394194124699839,2.120353740890557,1.0694755583468043,-0.8979568542617972,1.765571253072676,0
-1.8465769529108482,0.7155512361863037,0.8413977406072174,0.6285521620225352,0.17517490874991598,0
-1.8438213187079133,0.709115025248453,0.8448331386094251,0.6273115320166557,0.17637839804596994,0
-1.7370357832554881,0.7946499771342225,0.5920573822177976,0.9072807574966301,7.911612203404931,0
-1.7367914361472103,0.7955666168788982,0.592753576955664,0.9031622112299393,7.9104979334662096,0
-1.7362299251903075,0.7976905889270435,0.5943558382215317,0.8937808882757161,7.907974413664859,0
-1.7359249974820061,0.7986961169604336,0.5951871039246602,0.8890793440792548,7.906723210687835,0
-1.8152859123377698,0.644183893274289,0.8808588179589508,0.6099001808106423,0.18745650890015628,0
-1.8148052755311637,0.6460359920938682,0.8822411624112855,0.6016667158503777,0.18522445004816188,0
-1.8155195162327809,0.6432421610893103,0.8801760165856155,0.6140138903131775,0.18857547080494505,0
-1.8153169491013095,0.6440260007747406,0.8807605787461489,0.6104698776389856,0.18760634484514208,0
-1.8573040513577512,0.7406060378293603,0.8280244661229904,0.6333816710317779,0.17048998063252863,0
-1.8554796565948914,0.7470961190643536,0.8330777304789995,0.6066265322969869,0.1636618553455211,0
-1.8554754290772064,0.7470478477624968,0.8330730764708304,0.6067172495997415,0.16369093347332686,0
-1.8572879365378512,0.7405683991689055,0.8280445561697868,0.6333744158855447,0.17049701858162825,0
-1.4858722101588075,0.7748123455097923,0.12707921946516107,-0.2879802229401397,1.904355608531599,0
-1.710941050547626,0.802081610209556,0.5377447969473562,0.823949131192841,7.902487760179935,0
-0.9770669831888703,0.8839210998844784,-0.9212012631315875,-2.0038624767174484,-0.085391852655879,0
-1.9722955982473658,0.5980952767788894,1.2207792625448166,1.1004368357471241,0.2388779255090572,0
1.6711254356609855,-0.24297675327806345,0.9622449597074055,-1.5761006190088243,-0.08348194463097565,0
1.6142538992507787,-0.18891305407542325,1.0169683560896263,-2.0888741922183227,2.5141489770260703,0
0.9745839590027537,-0.38562918689578285,2.486480736186887,0.598204663318539,0.1322416603109615,0
0.768405424184448,-0.43427702332745105,2.9182133421574705,1.2312243963461782,0.19673798984224483,0
1.6926417961431597,-0.09134347100553873,1.1328774747950414,-2.086189067202059,2.395391382917358,0
0.9576467608718797,-0.4069417131562091,2.451030928094348,0.560090332121501,0.12662803910075957,0
1.3090340840828347,-0.3278535317079023,1.7203421623706592,-0.4695855182925135,0.028296352529083114,0
0.955933694899573,-0.42951094945283674,2.3917493400862067,0.5421628690156886,0.1307181009762269,0
0.95888550498901,-0.41877304204548804,2.4000080830891206,0.49703944041173087,0.11900379973437605,0
0.9258014679653289,-0.4183028615069154,2.5161010441841154,0.6845635236805723,0.14306870152892268,0
0.9235782719537251,-0.4424120125852854,2.439387574074101,0.6188286924860723,0.1382929301530818,0
0.9587936473882912,-0.4259530702693391,2.3957489352947565,0.542397319138959,0.13053431734212287,0
1.2655868605617264,-0.3201470738364057,1.8705479738238473,-0.2899810190822148,0.04428270646422142,0
0.9590216967336485,-0.42514181011496494,2.396380593339258,0.5390529267971103,0.12968080168124693,0
0.850845363486502,-0.415348950820505,2.7448685630775045,0.9801912925514943,0.17169004554107384,0
1.059615849624882,-0.3358434963650262,2.415687384399225,0.4445447734908688,0.11624531855818418,0
0.9675279735416721,-0.3952270341406426,2.4766313964640387,0.6046969590372475,0.134657844034277,0
0.9674581748179568,-0.39555439255466285,2.4764104894169083,0.6063320733515766,0.13514128545955217,0
1.5525774054383383,-0.27819059121115375,1.1848966510269607,-1.2363085390873574,-0.048305677169717086,0
0.963010173344483,-0.420199253195415,2.4018919892429924,0.5393205665959708,0.12941995291203023,0
0.9799655343680594,-0.39861954375982445,2.4260338684361047,0.5380766570295283,0.12764702574112027,0
0.9100681609827841,-0.4301012287754789,2.5233279140466713,0.715214286241893,0.14753164653701764,0
0.9106921952114201,-0.4278812964890494,2.5250563831196446,0.7060626910376577,0.14519608628259667,0
0.9181212499291693,-0.41978075988367064,2.5348023816035066,0.7140583003904668,0.14655494424176987,0
0.9645147719083941,-0.39854787500997146,2.4722032641953113,0.6001760048026418,0.13387258844875188,0
0.9645429399255967,-0.3985267276511034,2.472253708420412,0.6003744159439459,0.13398937173919565,0
0.9735340824083802,-0.3878531236261079,2.4845697164050926,0.6045234972696375,0.13425420071757363,0
0.9468207194935895,-0.41341036912461515,2.4721928387011567,0.6210029558523628,0.13681994817373508,0
0.9467854690838907,-0.4143370308589514,2.471434317995796,0.626012771936347,0.1381071855702714,0
0.9743573301472012,-0.38683067994590886,2.4857151306105383,0.604585729513615,0.13420089531987306,0
0.9492360729873042,-0.40546116587851405,2.4782772283814234,0.5888511401938609,0.12849094571553646,0
1.121636924786855,-0.2622491268710676,2.4811124083019642,0.4088176151694065,0.10565799135964811,0
1.0050035298000877,-0.39233384785269176,2.3788274075141285,0.47535765925129836,0.12245812380435515,0
0.8210598571993918,-0.4524458498535499,2.703066644623632,0.9776179274117318,0.17359400887902415,0
0.8212305136372535,-0.4515225296732276,2.7036496396777188,0.972669209801002,0.17206646786017687,0
0.710906849548758,-0.44902328638799655,3.0346139064201094,1.4042968536185718,0.21437386041214238,0
0.9640024658740239,-0.405584753485493,2.451082125922184,0.5859731790818562,0.13346897460537166,0
0.7111041448109701,-0.44832143046015527,3.035160380865466,1.4014034764725383,0.21363544743467602,0
0.9484204130172648,-0.4039620908290243,2.501678825584517,0.6491134557130246,0.13944194747668845,0
0.949738765312731,-0.4194376248416941,2.4387434128807817,0.5771865221483876,0.13091131872874018,0
0.9492486085523438,-0.4218928179752957,2.4371375740235677,0.5898782858468948,0.13474568291285008,0
0.9434234952551748,-0.42428948623107476,2.4459886751539326,0.6052062069890278,0.13643055473121976,0
0.9438176948378642,-0.4228871651070852,2.447080541202285,0.5994251859409747,0.13495519194599132,0
1.128071741978078,-0.2883667975954989,1.9323052379977301,-1.1833324797872038,0.02214916073325351,0
1.1300624514946704,-0.2861845445969701,1.934913826492545,-1.1812965920820762,0.02248852249306082,0
0.2251418824606816,1.972178266005773,0.36622980271720523,-2.258117849862011,0.16168875718118308,0
-0.8264302902122412,1.697480654385434,2.6173660742657114,0.9732493574311918,0.4901087781478221,0
-0.8325572570092586,1.7119066918823427,2.6097869955106163,0.9757026684838186,0.48734302353291653,0
-0.5024257990952483,1.9970915696072553,2.322237008920594,0.3318562576888948,0.3982748623343027,0
-0.501778746687106,1.998750482019394,2.323652102315769,0.32747015669838136,0.3976899616564056,0
0.021150234946526323,1.970294187361242,0.735937815712162,-1.6832491294586698,0.21055269475936733,0
-0.4830296653866451,1.9468602179097065,2.34501193215773,0.33927494155764637,0.4119190510668589,0
-0.502980095503815,1.9944215155618124,2.3204420823878587,0.34505548965064353,0.4021796299961343,0
-0.4870626916507997,1.9733165809768507,2.3444663141696385,0.29868158604114736,0.3975612210652716,0
-1.4027849904029712,0.801412339270811,-0.0504788178685392,-0.5542494704366949,1.875191731041899,0
-1.2810591678584977,0.8115943276121242,-0.2983355393411791,-1.060553665708622,0.012365375750591724,0
-1.2812101729458236,0.811025488714687,-0.29876197960371426,-1.0582627864848606,0.012952989615368494,0
-1.2852588104268106,0.8192247426579142,-0.3041413662663542,-1.0529872122430082,0.012242391723369135,0
-0.24009892070910915,2.121940837739754,1.068628428040217,-0.8976509289289634,1.7652744862189707,0
-0.9927425557686725,1.0675261100833047,-1.1030083069990408,-1.4596137217259393,7.656371237458225,0
-1.2071187508569805,0.8095928498456222,-0.4318171654860123,-1.2631296244421055,-0.0036065240867925795,0
-0.23935574844122354,2.1203586327957087,1.0695946246134629,-0.8983559992039812,1.7654901303069515,0
-1.2180240332053676,0.8348526425841558,-0.44546716260012553,-1.257710480939798,-0.008219496864994767,0
-1.0229128651499557,0.8030444203248785,-0.754717772838053,-1.7740763327854825,-0.04540181209766044,0
-0.2393791254202333,2.1202596442394186,1.0695257834637957,-0.8979749921273803,1.7655888479454251,0
-1.0610190426073065,0.8920473060814358,-0.8022240368295936,-1.7569203303260095,-0.062044215735490384,0
-1.672560640350787,0.690383204398018,0.5715767861897973,0.3232069312080497,1.9733967406916644,0
-0.23981428655108053,2.1227633808332915,1.0693748478950746,-0.9017876130612371,1.764177811152998,0
-1.7200154447043725,0.722899487495236,0.6033502757469048,0.2657823414660917,0.14307639797414018,0
-1.5981496295273525,0.751438377919467,0.3476027895151215,-0.10570542957077413,0.10590581082343883,0
-0.2471831087772978,2.0710084857514794,1.153576665051159,-1.0019314096199357,-0.056101446449901,0
-1.5844467219990865,0.7209204630739177,0.36507752166922786,-0.11588323213323728,0.11066940137450834,0
-1.7107983750246374,0.7016213347582713,0.6148984324360839,0.26145105273011543,0.14709085800200608,0
-0.24000189482836196,2.123124775341036,1.0691211102842284,-0.9015179085122866,1.7641503389278577,0
-1.9261555842531062,0.6510658468983995,1.068319814758343,0.9176097387026311,0.21274948414211026,0
-1.89706564852992,0.5831217916665651,1.104585697567222,0.9045129905606413,0.22545415525864082,0
-1.1079332354969849,0.8394721439624622,-0.6496072618561873,-1.5716714889990446,-0.0356524209497101,0
-1.2391847538232739,0.7904229124065754,-0.3375020981962757,-0.9965429527540294,1.8414462894950796,0
-1.905275408810092,0.6015574281214364,1.0941595983594243,0.9099930269163228,0.2223931282687084,0
-1.2614646852115676,0.8426915303064427,-0.365218528773277,-0.9870678996224878,1.8315524130215166,0
-1.0326139834352046,0.8257028946781468,-0.7668119879277391,-1.7697087447770503,-0.0496386584560798,0
-1.2100934244314823,0.8163102868243516,-0.43558519419030345,-1.2612346652615207,-0.004742287944443859,0
-1.9085588715568744,0.6092297354773644,1.090061900513438,0.9114679892858277,0.2209581725963074,0
-1.2543178988318355,0.7629716489285858,-0.2876079366715892,-1.0820580353244005,0.02144610984589373,0
-0.9133758629061877,0.8396096324691016,-0.9998524798762516,-2.118456803272051,-0.0818316145770085,0
-0.9122722717598054,0.8448795079372701,-0.9963269204374203,-2.145036722242446,-0.08973952445769341,0
-1.6183418913049055,0.7259578116625746,0.4171643321869029,-0.023230931746337665,0.11804614667927397,0
-1.6972715577304571,0.6778816789638265,0.6337888870257172,0.236418052835825,0.14742902331794958,0
-0.9367277143127021,0.9018393658253737,-1.0269744270880348,-2.1285627815045323,-0.09830454720910071,0
-0.9365471994847584,0.9021494707663056,-1.0265888281195,-2.128725886799454,-0.09808010267320234,0
-0.9373438390031075,0.8992206295977969,-1.0288270518861706,-2.1163933183516233,-0.09486510385034923,0
-0.9376755589093305,0.8981038026358363,-1.0297223742870398,-2.1121018975391976,-0.09383456454752867,0
-1.450247817766166,0.7551673094506257,0.08708348010158258,-0.3668678210103938,1.90198354879435,0
-0.937341725244265,0.8991964939468686,-1.0288293788902552,-2.116347959700246,-0.09485056478644639,0
-1.448714837488195,0.7606207161026365,0.09132957571358252,-0.3893493041026364,1.8962460945911332,0
-0.9240880189365996,0.8648806460003894,-1.0131746121912135,-2.1142106851226825,-0.08667938829820421,0
-0.9225535726271232,0.8703392678962497,-1.0089244559203558,-2.1367136678799796,-0.09242232938781232,0
-0.9240799615266494,0.8648618266701613,-1.0131645671678151,-2.114214312695799,-0.08667586932365429,0
-0.9238383002216881,0.8657847395249131,-1.0124717207710814,-2.1183316497714504,-0.08779131225389324,0
-1.8397623762410753,0.7074101712209363,0.8519030506056674,0.6067284746460805,0.1726366532413237,0
-1.9017249423827511,0.648231170600648,1.0284186605756025,0.8515077409148515,0.2076766745292015,0
-1.8966769989370764,0.6610255885557168,1.0142694574367257,0.9815252628396088,2.0347054347201805,0
-1.1394771546028177,0.7903551883801893,-0.5287960520057771,-1.4334248609435305,-0.014000396142297295,0
-1.4260105641114595,0.770429217341862,0.014718924498622572,-0.6104078676200118,0.05900552016384233,0
-1.4258455664870424,0.7709371207933546,0.015148363550423594,-0.6122160918838169,0.0586101940577605,0
-1.8217562525733577,0.6573482559268969,0.8722817039712568,0.6179332171754122,0.18617843549831747,0
-1.81000053291655,0.6322331839707753,0.8875427283563837,0.6069907501905272,0.18965146075601294,0
-1.8467524389712013,0.7149902742910874,0.8409280374713387,0.6309729878144423,0.17578679649726622,0
-0.9328078279359466,1.9361111762435694,2.5512944738155,1.073021493477416,0.1492620659770435,0
-0.9606186215986777,1.8997311031663882,2.6425044864781793,1.1947844690386409,0.1685356134165924,0
-1.4749410372924618,0.7976143976243752,0.0776742036600925,-0.34172807426877244,1.8951843630215675,0
-1.4747745174868263,0.7972254647996709,0.07788180081032325,-0.34180304411318235,1.8952570884955982,0
-0.9797870666112044,0.8755584643956023,-0.9283957860647777,-1.9671409525622219,-0.07614320796268792,0
-1.0874699269886379,0.9452656571934,-0.8243942517388455,-1.7360396205227502,-0.07102912482265154,0
-0.3220812358484435,1.8103567845141741,1.5623297773319065,-0.5575208707362486,0.33803138826662993,0
0.20717706877060132,2.015137029887912,0.3440903584818472,-2.2524387780507444,0.1531345804184276,0
-0.4802186597640995,2.027127443485735,2.2599595247466304,0.38906466348271895,2.2138661071086996,0
-0.41002282905030213,2.1167063766033167,2.0517175508203773,0.61665666735859,8.126701168865521,0
-0.37987384181877565,2.0423667596569155,2.0881537303312427,0.6159810312008034,8.144000308260397,0
-0.48109460573215007,2.0230918396697444,2.2571878444569617,0.4091980749312523,2.2197962396448987,0
-1.0173467060253067,0.5441617003552408,-0.8335204432641977,-1.7332938267015552,2.1152367045259886,0
-0.367654613586111,2.0323908753885394,2.1082179939197574,0.5652565962609766,8.135998083628875,0
-0.47364326111743904,1.943087475709348,2.3614831791694444,0.28995340952886917,0.4026321153616045,0
-0.41019918481022,2.1150178164299067,2.0507979494354664,0.6265017871800745,8.129962423723617,0
-0.5026604902877968,1.995682670297903,2.3213854709541013,0.33838789911597134,0.400231496851663,0
-0.4091139978077324,2.119250692213547,2.053911225532872,0.6088739527357567,8.125310485455707,0
-0.41040729058872105,2.1143717298443767,2.0502449956092477,0.6293272116850896,8.130674710120118,0
-0.40972563881520574,2.117640880440548,2.052453432097085,0.6113770772064996,8.12519306116655,0
-0.4792695701268457,2.0297534554435788,2.262283831043331,0.3832948808062978,2.213344244576838,0
-0.37765918309165875,2.157048568857476,1.9549378534971833,0.7282612340166824,10.85798009843135,0
-0.4814084592673527,2.0218504700648317,2.256278473622947,0.4157665619167852,2.2217184089919733,0
-0.4094384836096242,2.1190799577410933,2.0532078942627088,0.6046585559052325,8.123210568224088,0
-0.4102703446619693,2.1145453929203457,2.050598490296544,0.628001645707218,8.1303644793782,0
-0.48106100802141344,2.023363439968083,2.2572894733662894,0.41004758878224234,2.220232941072791,0
-0.4102653960150844,2.114567209254709,2.050561135098595,0.6279657026865769,8.130357011297944,0
-0.5030455158061252,1.9935742265951817,2.3201098991862876,0.34831905296837096,0.4031866475773502,0
-0.5021728969716636,1.997349128442881,2.3226439832306887,0.33356418337562727,0.3993011736508412,0
-0.5028324257375701,1.9951358246784765,2.32087514516668,0.3416274733974535,0.40117116170682654,0
-0.5027062215120015,1.9954348117265062,2.321100118122624,0.3398488715484278,0.4006744027083333,0
-0.5020744326360952,1.9978831814298113,2.3230903266668,0.3315637316105472,0.39876836307617175,0
0.14242703023134393,1.9877152575921972,0.4955760210605412,-2.042109804634429,0.17661192384374957,0
-1.7566101986026856,0.717336918816136,0.6894113362533074,0.5305566223674473,1.9850798004039423,0
-1.2216889978092897,0.8570519177752453,-0.4647033912082515,-1.2726379952993645,-0.014595308753328129,0
-1.7136366264502323,0.7146368434223686,0.6018753088458131,0.25731474717108194,0.14431996107649261,0
-1.8800626319898728,0.6465817037292119,0.9900744425324175,0.7936719689314873,0.2034241472506443,0
-1.0878735558187462,0.7955730526089686,-0.6277308332409117,-1.5843321768415004,-0.0279375653916414,0
-0.7895570829755723,0.9528697034852861,-1.3568346784182,-2.425334851865066,1.687535065381338,0
-0.7928418561348527,0.8809814942971147,-1.2703224927696024,-2.499237130847064,-0.12245003687942645,0
-1.2127909552685585,0.8342557485182133,-0.4541345862053918,-1.2717839238926072,-0.009280233855180908,0
-0.10607018148001227,2.0459425803969356,0.9519033018956342,-1.3943560035824318,-0.08907346166442502,0
-1.6990836127746052,0.6770317509335556,0.6306278343610459,0.24912384522638872,0.15013122121629197,0
-1.7940443769733279,0.7271430117296542,0.7437381071709778,0.6260443783718864,1.991192698086423,0
-0.8078286255887006,0.9157520068317849,-1.2890618180123083,-2.4919310687333827,-0.12883105946240334,0
-1.7943458891159247,0.902541307791154,0.5032011342740477,0.29322469231254483,0.1089343311648206,0
-1.8044604029293105,0.6825639303543124,0.8071212274390384,0.5449014084518659,0.17511260864113157,0
-1.6811934416142393,0.7053278052375141,0.5676207746615746,0.3323648873344054,1.9711320058313562,0
-1.709310670305861,0.7039283696787806,0.609212962878232,0.254940494830914,0.14607241557258302,0
-1.8747285266568419,0.5957665827973305,1.0482643117657637,0.828655794774932,0.2164116525353621,0
-1.6536358443093708,0.7388307488384771,0.4776504527012394,0.05057562379920229,0.11899483024098319,0
-1.814377121295291,0.7747266634909488,0.7182678802729618,0.6351041735585377,1.9822856817117371,0
-0.6962525390032136,0.9575970708962885,-1.492400326443668,-2.18225529998469,7.617581414531027,0
-0.8034008480018292,0.9046727440021851,-1.283735880522873,-2.4921424327425497,-0.1263733023360596,0
-1.1938179170055494,0.7901691722969819,-0.43041846165715236,-1.2808790960683714,-0.001156666321218478,0
-1.7534809941586897,0.6367052512561076,0.7855604284609288,0.4370378655928903,0.17280774315758715,0
-1.7447634522818114,0.6129854071692898,0.795546038848469,0.4420563713291955,0.1793293113678033,0
0.17414995438284012,2.217052193797431,0.19923624359441627,-2.157644373337821,1.639593083231748,0
-1.793306228104153,0.725734835609176,0.7442463915661928,0.6253929453116603,1.9914239355925072,0
-0.6684780563732551,2.194543619341921,1.7832973881622112,0.7425509958015528,7.799430963372344,0
-1.6986093063260475,0.6731817350803876,0.6300553768414185,0.2559331769272735,0.1524056682912214,0
-1.7122419060133376,0.7041006373105493,0.6142624600119188,0.2630023416839422,0.1467178587189901,0
-1.7165346073184267,0.792938466048912,0.518110052293406,0.3421222209125076,1.953924612666562,0
-1.59172740025032,0.7592103897969837,0.3790336252651976,0.5324115483338137,7.886617709982064,0
-0.9013564039914135,0.909860083468358,-1.1018742456861415,-2.2332612664268146,-0.10797155070755843,0
-1.7634779702012169,0.653026723599303,0.7719027560114902,0.459591023144083,0.17391547850406405,0
-1.754271842047505,0.6322635315176655,0.7835709093058134,0.4536633324536501,0.17741192920828056,0
-1.6944857610815351,0.6490388525881721,0.6566410928678645,0.2664754716541234,0.15771508814576288,0
-0.46472188828070515,2.041514169412173,1.5653382687587307,-0.34176208889736504,0.010025481786302306,0
-1.8788188762695706,0.5949609943775791,1.057034631971672,0.840639234699347,0.21751719442636316,0
-1.5498636650029822,0.6868287542891146,0.3449808721999024,-0.1761055592855122,0.11309606121141255,0
-1.3333742680397542,0.5804102840923926,0.024585445980085958,1.5046939036804727,-0.18822598830950973,0
-1.8630632618654193,0.6078553192912699,1.0115099025397083,0.7836679516607781,0.2101573486678099,0
-1.1083740210241857,0.7752675382044545,-0.6376397076341384,-1.0605295276357092,-0.21028544708281874,0
-1.9213112737891278,0.6564300839210603,1.0684476145480877,0.8843681969755122,0.2057884670420297,0
-1.9229857587662973,0.6502042215996341,1.063740029954536,0.9095739143920827,0.21224635459699076,0
-1.6879519674211527,0.6475624032087465,0.6431348030001726,0.2529067551953154,0.15758113313614366,0
-1.9229723297497137,0.6501728560492546,1.0637567716601999,0.9095678684368883,0.21225221955457388,0
-1.695384433918383,0.7434273306761032,0.5446231547658713,0.3327128415866303,1.9631938973182919,0
-1.7078681587829285,0.6975719352734033,0.6196469416070399,0.25305603965331575,0.1462881831331296,0
-1.7368528918204553,0.6756255504879406,0.7151886702450149,0.5109638906304991,1.9905632870527303,0
-0.9731785092005797,0.8662568333171705,-0.9266411006789418,-1.9776717199213882,-0.07543457756783409,0
-1.6210597892786112,0.8410000987114209,0.34444599000416,0.5153023356667101,7.864944329797592,0
-1.7007234123681738,0.689861802279627,0.6304361692100492,0.22857738889563395,0.14315961388167023,0
-1.7251417930900106,0.7024298034033138,0.6400121126598828,0.300611942673083,0.15016223653008762,0
-0.9024046389430792,1.8878268492714931,2.56562397818525,1.1997263567301324,1.989888262499966,0
-1.6584191185076353,0.6584790709745881,0.5894944348777726,0.3141280138418315,1.9787754738007386,0
-0.9332386299799464,1.9336427876980484,2.5490149109697526,1.0835975503406445,0.15225813143121686,0
-1.0293744606450737,0.8949976232655549,-0.9359255932432633,-1.4034452507890265,-0.26356511053115805,0
-1.8313613590167883,0.6930103356739089,0.863726141302721,0.5903497877634196,0.17260216426573774,0
-1.8333172032562624,0.686068384562557,0.8583199970638921,0.6185738747636753,0.17974495605880603,0
-1.8589746213471632,0.7445079123558392,0.8259417985278892,0.6341337866401443,0.1697603802672529,0
-1.8685521959745182,0.76687782288642,0.8140016140484817,0.6384457618847511,0.16557749251897963,0
-1.8331760485567379,0.6859690795489948,0.8585555182631368,0.6179546011027385,0.1796432127660018,0
-1.8331706769501044,0.6859565333288432,0.8585622149454022,0.6179521827206607,0.17964555874903504,0
-1.8334380034119722,0.6848631817543913,0.8577778260181321,0.622636798242578,0.18091318360729286,0
-1.8334326318053387,0.6848506355342392,0.8577845227003978,0.6226343798605003,0.18091552959032617,0
-1.8759542699153455,0.7841665142555397,0.8047735858866064,0.641778292387874,0.16234472789917004,0
-1.8078852706568809,0.6251808124924878,0.8896339435551718,0.6111325546987785,0.19207302489643255,0
-1.855895197819168,0.7375458249192663,0.8298404049263695,0.6321916579826847,0.17094188969363294,0
